tube,temp,resource,species,exposed,male,removed,KBP,missing,mortality_day,end_data_date,length_RAW,length_mag_correction,lm_corr_factor,inf,spore_RAW,spore_water_added,length,spore_exposure
1,2V,1,D,1,NA,NA,NA,NA,4/19/22,NA,85,NA,NA,1,159,0,1.5181,200
2,2V,1,D,1,NA,NA,NA,NA,4/20/22,NA,92,NA,NA,1,281,0,1.64312,200
3,2V,1,D,1,NA,NA,NA,NA,4/23/22,NA,82,NA,NA,1,99,1,1.46452,200
4,2V,1,D,1,NA,1,NA,NA,NA,5/18/22,81,1,-2,0,NA,NA,2.025,200
5,2V,1,D,1,NA,NA,NA,NA,4/26/22,NA,83,NA,NA,1,80,1,1.48238,200
6,2V,1,D,1,NA,NA,NA,NA,4/22/22,NA,90,NA,NA,1,165,1,1.6074,200
7,2V,1,D,1,NA,NA,NA,NA,4/20/22,NA,87,NA,NA,1,218,0,1.55382,200
8,2V,1,D,1,NA,NA,NA,NA,4/20/22,NA,80,NA,NA,1,192,0,1.4288,200
9,2V,1,D,1,NA,NA,NA,1,NA,4/11/22,NA,NA,NA,NA,NA,NA,NA,200
10,2V,1,D,1,NA,NA,NA,NA,4/29/22,NA,NA,NA,NA,0,0,NA,NA,200
11,2V,1,D,1,NA,NA,NA,NA,4/22/22,NA,82,NA,NA,1,112,1,1.46452,200
12,2V,1,D,1,NA,NA,NA,NA,4/22/22,NA,82,NA,NA,1,87,1,1.46452,200
13,2V,1,D,1,NA,NA,NA,NA,4/20/22,NA,NA,NA,NA,1,81,0,NA,200
14,2V,1,D,1,NA,NA,NA,NA,4/29/22,NA,NA,NA,NA,1,97,1,NA,200
15,2V,1,D,1,NA,NA,NA,NA,4/23/22,NA,79,NA,NA,1,104,1,1.41094,200
16,2V,1,D,1,NA,NA,NA,NA,4/20/22,NA,69,NA,NA,1,211,0,1.23234,200
17,2V,1,D,1,NA,1,NA,NA,NA,5/18/22,82,1,-2,0,NA,NA,2.05,200
18,2V,1,D,1,NA,NA,NA,NA,4/23/22,NA,84,NA,NA,1,88,1,1.50024,200
19,2V,1,D,1,NA,NA,NA,NA,4/10/22,NA,52,NA,NA,NA,NA,NA,0.92872,200
20,2V,1,D,1,NA,NA,NA,NA,4/25/22,NA,97,NA,NA,1,152,1,1.73242,200
21,2V,1,D,1,NA,NA,NA,NA,4/22/22,NA,82,NA,NA,1,170,1,1.46452,200
22,2V,1,D,1,NA,NA,NA,NA,4/23/22,NA,82,NA,NA,1,88,1,1.46452,200
23,2V,1,D,1,NA,NA,NA,NA,4/22/22,NA,76,NA,NA,1,109,1,1.35736,200
24,2V,1,D,1,NA,NA,NA,NA,5/3/22,NA,100,NA,NA,0,0,1,1.786,200
25,2V,1,D,1,NA,NA,NA,NA,4/25/22,NA,89,NA,NA,1,112,1,1.58954,200
26,2V,1,D,1,NA,NA,NA,NA,4/22/22,NA,87,NA,NA,0,0,1,1.55382,200
27,2V,1,D,1,NA,1,NA,NA,NA,5/18/22,81,1,-2,0,NA,NA,2.025,200
28,2V,1,D,1,NA,NA,NA,NA,4/20/22,NA,83,NA,NA,1,218,0,1.48238,200
29,2V,1,D,1,NA,NA,NA,NA,4/23/22,NA,83,NA,NA,1,140,1,1.48238,200
30,2V,1,D,1,NA,NA,NA,NA,4/23/22,NA,86,NA,NA,1,322,0,1.53596,200
31,2V,1,D,1,NA,NA,NA,NA,4/11/22,NA,NA,NA,NA,0,NA,NA,NA,200
32,2V,1,D,1,NA,NA,NA,NA,4/25/22,NA,NA,NA,NA,1,88,1,NA,200
33,2V,1,D,1,NA,NA,NA,NA,4/24/22,NA,93,NA,NA,1,117,1,1.66098,200
34,2V,1,D,1,NA,NA,NA,1,NA,4/12/22,NA,NA,NA,NA,NA,NA,NA,200
35,2V,1,D,1,NA,NA,NA,NA,4/25/22,NA,92,NA,NA,1,101,1,1.64312,200
36,2V,1,D,0,NA,NA,NA,NA,5/23/22,NA,94,1,-1,0,NA,NA,1.88,200
37,2V,1,D,0,NA,1,NA,NA,NA,5/23/22,84,1,-2,0,NA,NA,2.1,200
38,2V,1,D,0,NA,1,NA,NA,NA,5/23/22,85,1,-2,0,NA,NA,2.125,200
39,2V,1,D,0,1,NA,NA,NA,4/30/22,NA,61,NA,NA,0,NA,NA,1.08946,200
40,2V,1,D,0,NA,NA,NA,NA,5/21/22,NA,96,1,-1,0,NA,NA,1.92,200
41,2V,1,D,0,NA,1,NA,NA,NA,5/23/22,84,1,-2,0,NA,NA,2.1,200
42,2V,1,D,0,NA,NA,NA,NA,5/22/22,NA,79,1,-2,0,NA,NA,1.975,200
43,2V,1,D,0,NA,NA,NA,NA,5/21/22,NA,83,1,-2,0,NA,NA,2.075,200
44,2V,1,D,0,NA,NA,NA,NA,5/8/22,NA,95,1,-1,0,NA,NA,1.9,200
45,2V,1,D,0,NA,NA,NA,NA,5/20/22,NA,NA,NA,NA,0,NA,NA,NA,200
46,2V,1,D,0,NA,NA,NA,NA,5/21/22,NA,84,1,-2,0,NA,NA,2.1,200
47,2V,1,D,0,NA,1,NA,NA,NA,5/23/22,83,1,-2,0,NA,NA,2.075,200
48,2V,1,D,0,NA,1,NA,NA,NA,5/23/22,98,1,-1,0,NA,NA,1.96,200
49,2V,1,D,0,NA,1,NA,NA,NA,5/23/22,86,1,-2,0,NA,NA,2.15,200
50,2V,1,D,0,1,NA,NA,NA,NA,5/1/22,66,NA,NA,0,NA,NA,1.17876,200
51,6V,1,D,1,NA,NA,NA,NA,4/22/22,NA,85,NA,NA,1,108,1,1.5181,200
52,6V,1,D,1,NA,NA,NA,NA,5/13/22,NA,95,NA,NA,0,NA,NA,1.6967,200
53,6V,1,D,1,NA,NA,NA,NA,4/30/22,NA,88,NA,NA,1,243,1,1.57168,200
54,6V,1,D,1,NA,1,NA,NA,NA,5/18/22,84,1,-2,0,NA,NA,2.1,200
55,6V,1,D,1,NA,NA,NA,NA,4/30/22,NA,89,NA,NA,1,131,1,1.58954,200
56,6V,1,D,1,NA,NA,NA,NA,4/30/22,NA,90,NA,NA,1,152,1,1.6074,200
57,6V,1,D,1,NA,NA,NA,NA,4/29/22,NA,90,NA,NA,1,170,1,1.6074,200
58,6V,1,D,1,NA,NA,NA,NA,4/26/22,NA,90,NA,NA,1,102,1,1.6074,200
59,6V,1,D,1,NA,NA,NA,NA,4/30/22,NA,93,NA,NA,1,167,1,1.66098,200
60,6V,1,D,1,NA,NA,NA,NA,4/29/22,NA,89,NA,NA,1,197,1,1.58954,200
61,6V,1,D,1,NA,NA,NA,NA,4/22/22,NA,83,NA,NA,1,122,1,1.48238,200
62,6V,1,D,1,NA,NA,NA,NA,5/3/22,NA,89,NA,NA,1,203,1,1.58954,200
63,6V,1,D,1,NA,NA,NA,NA,4/25/22,NA,85,NA,NA,1,115,1,1.5181,200
64,6V,1,D,1,NA,NA,NA,NA,4/27/22,NA,96,NA,NA,1,113,1,1.71456,200
65,6V,1,D,1,NA,NA,NA,NA,4/29/22,NA,90,NA,NA,1,146,1,1.6074,200
66,6V,1,D,1,NA,NA,NA,1,NA,4/12/22,NA,NA,NA,NA,NA,NA,NA,200
67,6V,1,D,1,NA,NA,NA,NA,4/26/22,NA,87,NA,NA,1,126,1,1.55382,200
68,6V,1,D,1,NA,NA,NA,NA,4/24/22,NA,88,NA,NA,1,71,1,1.57168,200
69,6V,1,D,1,NA,NA,NA,NA,4/30/22,NA,93,NA,NA,1,204,1,1.66098,200
70,6V,1,D,1,NA,NA,NA,NA,5/10/22,NA,95,1,-1,0,0,1,1.9,200
71,6V,1,D,1,NA,NA,NA,NA,4/29/22,NA,93,NA,NA,1,139,1,1.66098,200
72,6V,1,D,1,NA,NA,NA,NA,4/28/22,NA,NA,NA,NA,1,54,1,NA,200
73,6V,1,D,1,NA,NA,NA,NA,4/25/22,NA,83,NA,NA,1,102,1,1.48238,200
74,6V,1,D,1,NA,1,NA,NA,NA,5/18/22,94,1,-1,0,NA,NA,1.88,200
75,6V,1,D,1,NA,NA,NA,NA,5/1/22,NA,92,NA,NA,1,188,1,1.64312,200
76,6V,1,D,1,NA,NA,NA,NA,4/28/22,NA,94,NA,NA,1,194,1,1.67884,200
77,6V,1,D,1,NA,NA,NA,1,NA,4/25/22,NA,NA,NA,NA,NA,NA,NA,200
78,6V,1,D,1,NA,NA,NA,NA,5/4/22,NA,90,NA,NA,1,182,1,1.6074,200
79,6V,1,D,1,NA,1,NA,NA,NA,5/18/22,89,1,-1,0,NA,NA,1.78,200
80,6V,1,D,1,1,NA,NA,NA,NA,4/30/22,60,NA,NA,0,NA,NA,1.0716,200
81,6V,1,D,1,NA,NA,NA,NA,4/21/22,NA,87,NA,NA,1,197,0,1.55382,200
82,6V,1,D,1,NA,1,NA,NA,NA,5/18/22,82,1,-1,0,NA,NA,1.64,200
83,6V,1,D,1,NA,NA,NA,NA,4/25/22,NA,89,NA,NA,1,92,1,1.58954,200
84,6V,1,D,1,NA,NA,NA,NA,4/25/22,NA,87,NA,NA,1,79,1,1.55382,200
85,6V,1,D,1,NA,NA,NA,NA,4/28/22,NA,88,NA,NA,1,142,1,1.57168,200
86,6V,1,D,0,NA,1,NA,NA,NA,5/18/22,87,1,-2,0,NA,NA,2.175,200
87,6V,1,D,0,NA,NA,NA,NA,5/23/22,NA,84,1,-2,0,NA,NA,2.1,200
88,6V,1,D,0,NA,NA,NA,NA,5/23/22,NA,84,1,-2,0,NA,NA,2.1,200
89,6V,1,D,0,NA,1,NA,NA,NA,5/23/22,100,1,-1,0,NA,NA,2,200
90,6V,1,D,0,NA,NA,NA,NA,5/22/22,NA,95,1,-1,0,NA,NA,1.9,200
91,6V,1,D,0,NA,1,NA,NA,NA,5/23/22,86,1,-2,0,NA,NA,2.15,200
92,6V,1,D,0,NA,1,NA,NA,NA,5/23/22,100,1,-1,0,NA,NA,2,200
93,6V,1,D,0,NA,NA,NA,NA,5/23/22,NA,84,1,-2,0,NA,NA,2.1,200
94,6V,1,D,0,NA,NA,NA,NA,5/20/22,NA,83,1,-2,0,NA,NA,2.075,200
95,6V,1,D,0,NA,1,NA,NA,NA,5/23/22,79,1,-2,0,NA,NA,1.975,200
96,6V,1,D,0,1,1,NA,NA,NA,4/30/22,64,NA,NA,0,NA,NA,1.14304,200
97,6V,1,D,0,NA,1,NA,NA,NA,5/23/22,88,1,-2,0,NA,NA,2.2,200
98,6V,1,D,0,NA,NA,NA,NA,5/22/22,NA,80,1,-2,0,NA,NA,2,200
99,6V,1,D,0,NA,NA,NA,NA,5/22/22,NA,86,1,-2,0,NA,NA,2.15,200
100,6V,1,D,0,NA,1,NA,NA,NA,5/23/22,81,1,-2,0,NA,NA,2.025,200
101,14V,1,D,1,NA,NA,NA,NA,5/1/22,NA,85,NA,NA,1,190,1,1.5181,200
102,14V,1,D,1,NA,NA,NA,NA,4/30/22,NA,92,NA,NA,1,175,1,1.64312,200
103,14V,1,D,1,NA,NA,NA,NA,4/27/22,NA,NA,NA,NA,1,55,1,NA,200
104,14V,1,D,1,NA,NA,NA,1,NA,4/10/22,NA,NA,NA,NA,NA,NA,NA,200
105,14V,1,D,1,NA,1,NA,NA,NA,5/18/22,99,1,-1,0,NA,NA,1.98,200
106,14V,1,D,1,NA,NA,NA,NA,4/22/22,NA,89,NA,NA,1,134,1,1.58954,200
107,14V,1,D,1,NA,NA,NA,NA,4/29/22,NA,NA,NA,NA,1,142,1,NA,200
108,14V,1,D,1,NA,NA,NA,NA,4/24/22,NA,85,NA,NA,1,49,1,1.5181,200
109,14V,1,D,1,NA,NA,NA,NA,4/24/22,NA,92,NA,NA,1,68,1,1.64312,200
110,14V,1,D,1,1,NA,NA,NA,4/24/22,NA,NA,NA,NA,1,NA,NA,NA,200
111,14V,1,D,1,NA,1,NA,NA,NA,5/18/22,83,1,-2,0,NA,NA,2.075,200
112,14V,1,D,1,NA,NA,NA,NA,4/24/22,NA,NA,NA,NA,1,NA,NA,NA,200
113,14V,1,D,1,NA,NA,NA,NA,4/24/22,NA,92,NA,NA,1,NA,NA,1.64312,200
114,14V,1,D,1,NA,NA,NA,NA,4/19/22,NA,87,NA,NA,1,213,1,1.55382,200
115,14V,1,D,1,NA,1,NA,NA,NA,5/18/22,84,1,-2,0,NA,NA,2.1,200
116,14V,1,D,1,NA,NA,NA,NA,4/27/22,NA,90,NA,NA,1,131,1,1.6074,200
117,14V,1,D,1,NA,NA,NA,NA,4/26/22,NA,83,NA,NA,1,67,1,1.48238,200
118,14V,1,D,1,NA,NA,NA,NA,4/27/22,NA,86,NA,NA,1,110,1,1.53596,200
119,14V,1,D,1,NA,NA,NA,NA,4/26/22,NA,86,NA,NA,1,98,1,1.53596,200
120,14V,1,D,1,NA,NA,NA,NA,4/30/22,NA,88,NA,NA,1,139,1,1.57168,200
121,14V,1,D,1,NA,NA,NA,NA,4/23/22,NA,75,NA,NA,1,69,1,1.3395,200
122,14V,1,D,1,NA,NA,NA,NA,4/24/22,NA,80,NA,NA,1,77,1,1.4288,200
123,14V,1,D,1,1,NA,NA,NA,4/25/22,NA,61,NA,NA,1,27,1,1.08946,200
124,14V,1,D,1,NA,NA,NA,NA,4/29/22,NA,96,NA,NA,1,188,1,1.71456,200
125,14V,1,D,1,NA,NA,NA,NA,4/26/22,NA,87,NA,NA,1,115,1,1.55382,200
126,14V,1,D,1,NA,NA,NA,NA,4/22/22,NA,70,NA,NA,1,87,1,1.2502,200
127,14V,1,D,1,NA,NA,NA,NA,4/30/22,NA,91,NA,NA,1,202,1,1.62526,200
128,14V,1,D,1,1,NA,NA,NA,4/21/22,NA,60,NA,NA,1,39,1,1.0716,200
129,14V,1,D,1,NA,NA,NA,NA,5/3/22,NA,90,NA,NA,1,200,1,1.6074,200
130,14V,1,D,1,NA,NA,NA,NA,4/22/22,NA,82,NA,NA,1,86,1,1.46452,200
131,14V,1,D,1,NA,NA,NA,NA,4/25/22,NA,79,NA,NA,1,80,1,1.41094,200
132,14V,1,D,1,NA,NA,NA,NA,4/24/22,NA,86,NA,NA,1,111,1,1.53596,200
133,14V,1,D,1,NA,NA,NA,NA,4/23/22,NA,82,NA,NA,1,79,1,1.46452,200
134,14V,1,D,1,NA,NA,NA,NA,4/24/22,NA,87,NA,NA,1,23,1,1.55382,200
135,14V,1,D,1,NA,NA,NA,NA,5/15/22,NA,81,1,-2,0,NA,NA,2.025,200
136,14V,1,D,0,NA,NA,1,NA,NA,5/7/22,100,1,1,0,NA,NA,0,200
137,14V,1,D,0,NA,NA,NA,NA,5/23/22,NA,79,1,-2,0,NA,NA,1.975,200
138,14V,1,D,0,NA,NA,NA,NA,5/23/22,NA,87,1,-2,0,NA,NA,2.175,200
139,14V,1,D,0,NA,1,NA,NA,NA,5/23/22,83,1,-2,0,NA,NA,2.075,200
140,14V,1,D,0,NA,1,NA,NA,NA,5/23/22,81,NA,NA,0,NA,NA,1.44666,200
141,14V,1,D,0,NA,NA,NA,NA,5/17/22,NA,NA,NA,NA,0,NA,NA,NA,200
142,14V,1,D,0,1,1,NA,NA,NA,4/30/22,58,NA,NA,0,NA,NA,1.03588,200
143,14V,1,D,0,NA,NA,NA,1,NA,5/2/22,NA,NA,NA,NA,NA,NA,NA,200
144,14V,1,D,0,NA,1,NA,NA,NA,5/23/22,88,1,-2,0,NA,NA,2.2,200
145,14V,1,D,0,1,1,NA,NA,NA,5/1/22,62,NA,NA,0,NA,NA,1.10732,200
146,14V,1,D,0,NA,NA,NA,NA,5/20/22,NA,98,1,-1,0,NA,NA,1.96,200
147,14V,1,D,0,1,1,NA,NA,NA,4/30/22,62,NA,NA,0,NA,NA,1.10732,200
148,14V,1,D,0,NA,1,NA,NA,NA,5/23/22,81,1,-2,0,NA,NA,2.025,200
149,14V,1,D,0,NA,NA,NA,NA,4/27/22,NA,100,NA,NA,0,NA,NA,1.786,200
150,14V,1,D,0,NA,NA,NA,NA,5/22/22,NA,88,1,-2,0,NA,NA,2.2,200
151,15,0.1,D,0,NA,1,NA,NA,NA,5/23/22,82,NA,NA,0,NA,NA,1.46452,200
152,15,0.1,D,0,NA,1,NA,NA,NA,5/23/22,84,NA,NA,0,NA,NA,1.50024,200
153,15,0.1,D,0,NA,NA,NA,NA,5/21/22,NA,91,NA,NA,0,NA,NA,1.62526,200
154,15,0.1,D,0,NA,NA,NA,1,NA,5/13/22,NA,NA,NA,NA,NA,NA,NA,200
155,15,0.1,D,0,NA,1,NA,NA,NA,5/23/22,91,NA,NA,0,NA,NA,1.62526,200
156,15,0.1,D,0,NA,1,NA,NA,NA,5/23/22,84,NA,NA,0,NA,NA,1.50024,200
157,15,0.1,D,0,NA,1,NA,NA,NA,5/23/22,90,NA,NA,0,NA,NA,1.6074,200
158,15,0.1,D,0,NA,NA,NA,NA,5/23/22,NA,NA,NA,NA,0,NA,NA,NA,200
159,15,0.1,D,0,NA,NA,NA,NA,4/15/22,NA,35,NA,NA,NA,NA,NA,0.6251,200
160,15,0.1,D,0,NA,NA,NA,1,NA,4/14/22,NA,NA,NA,NA,NA,NA,NA,200
161,15,0.1,D,0,NA,1,NA,NA,NA,5/23/22,84,NA,NA,0,NA,NA,1.50024,200
162,15,0.1,D,0,NA,NA,NA,NA,4/16/22,NA,46,NA,NA,NA,NA,NA,0.82156,200
163,15,0.1,D,0,NA,NA,NA,NA,4/12/22,NA,40,NA,NA,NA,NA,NA,0.7144,200
164,15,0.1,D,0,NA,NA,NA,NA,5/23/22,NA,81,NA,NA,0,NA,NA,1.44666,200
165,15,0.1,D,0,NA,NA,NA,NA,5/23/22,NA,78,NA,NA,0,NA,NA,1.39308,200
166,15,0.1,D,1,NA,NA,NA,NA,5/21/22,NA,79,NA,NA,1,104,1,1.41094,200
167,15,0.1,D,1,NA,NA,NA,NA,4/14/22,NA,44,NA,NA,NA,NA,NA,0.78584,200
168,15,0.1,D,1,NA,NA,NA,NA,4/14/22,NA,42,NA,NA,NA,NA,NA,0.75012,200
169,15,0.1,D,1,NA,NA,1,NA,NA,4/11/22,NA,NA,NA,NA,NA,NA,NA,200
170,15,0.1,D,1,NA,1,NA,NA,NA,5/18/22,90,NA,NA,0,NA,NA,1.6074,200
171,15,0.1,D,1,NA,1,NA,NA,NA,5/18/22,86,NA,NA,0,NA,NA,1.53596,200
172,15,0.1,D,1,NA,NA,NA,NA,4/12/22,NA,33,NA,NA,NA,NA,NA,0.58938,200
173,15,0.1,D,1,NA,NA,NA,NA,4/15/22,NA,48,NA,NA,NA,NA,NA,0.85728,200
174,15,0.1,D,1,1,1,NA,NA,NA,5/5/22,57,NA,NA,0,NA,NA,1.01802,200
175,15,0.1,D,1,NA,NA,NA,NA,4/14/22,NA,46,NA,NA,NA,NA,NA,0.82156,200
176,15,0.1,D,1,NA,1,NA,NA,NA,5/18/22,84,NA,NA,0,NA,NA,1.50024,200
177,15,0.1,D,1,NA,1,NA,NA,NA,5/18/22,85,NA,NA,0,NA,NA,1.5181,200
178,15,0.1,D,1,NA,1,NA,NA,NA,5/18/22,90,NA,NA,0,NA,NA,1.6074,200
179,15,0.1,D,1,NA,1,NA,NA,NA,5/18/22,83,NA,NA,0,NA,NA,1.48238,200
180,15,0.1,D,1,NA,1,NA,NA,NA,5/18/22,82,NA,NA,0,NA,NA,1.46452,200
181,15,0.1,D,1,NA,NA,NA,NA,4/13/22,NA,50,NA,NA,NA,NA,NA,0.893,200
182,15,0.1,D,1,NA,NA,NA,NA,4/13/22,NA,51,NA,NA,NA,NA,NA,0.91086,200
183,15,0.1,D,1,NA,1,NA,NA,NA,5/18/22,91,NA,NA,0,NA,NA,1.62526,200
184,15,0.1,D,1,NA,1,NA,NA,NA,5/18/22,81,NA,NA,0,NA,NA,1.44666,200
185,15,0.1,D,1,NA,NA,NA,NA,4/13/22,NA,40,NA,NA,NA,NA,NA,0.7144,200
186,15,0.1,D,1,NA,NA,NA,NA,4/14/22,NA,44,NA,NA,NA,NA,NA,0.78584,200
187,15,0.1,D,1,NA,NA,NA,NA,4/17/22,NA,56,NA,NA,NA,NA,NA,1.00016,200
188,15,0.1,D,1,NA,NA,NA,NA,4/13/22,NA,40,NA,NA,NA,NA,NA,0.7144,200
189,15,0.1,D,1,NA,1,NA,NA,NA,5/18/22,90,NA,NA,0,NA,NA,1.6074,200
190,15,0.1,D,1,NA,1,NA,NA,NA,5/18/22,84,NA,NA,0,NA,NA,1.50024,200
191,15,0.1,D,1,NA,NA,NA,NA,4/14/22,NA,45,NA,NA,NA,NA,NA,0.8037,200
192,15,0.1,D,1,NA,NA,NA,1,NA,4/13/22,NA,NA,NA,NA,NA,NA,NA,200
193,15,0.1,D,1,NA,1,NA,NA,NA,5/18/22,83,NA,NA,0,NA,NA,1.48238,200
194,15,0.1,D,1,NA,NA,NA,NA,4/14/22,NA,43,NA,NA,NA,NA,NA,0.76798,200
195,15,0.1,D,1,NA,1,NA,NA,NA,5/18/22,86,NA,NA,0,NA,NA,1.53596,200
196,15,0.1,D,1,NA,1,NA,NA,NA,5/18/22,84,NA,NA,0,NA,NA,1.50024,200
197,15,0.1,D,1,NA,1,NA,NA,NA,5/18/22,89,NA,NA,0,NA,NA,1.58954,200
198,15,0.1,D,1,NA,NA,NA,1,NA,4/14/22,NA,NA,NA,NA,NA,NA,NA,200
199,15,0.1,D,1,NA,1,NA,NA,NA,5/18/22,83,NA,NA,0,NA,NA,1.48238,200
200,15,0.1,D,1,NA,NA,NA,NA,4/16/22,NA,56,NA,NA,NA,NA,NA,1.00016,200
201,15,0.1,D,1,NA,NA,NA,1,NA,4/11/22,NA,NA,NA,NA,NA,NA,NA,200
202,15,0.1,D,1,NA,1,NA,NA,NA,5/18/22,87,NA,NA,0,NA,NA,1.55382,200
203,15,0.1,D,1,NA,NA,NA,1,NA,4/14/22,NA,NA,NA,NA,NA,NA,NA,200
204,15,0.1,D,1,NA,NA,NA,NA,4/14/22,NA,41,NA,NA,NA,NA,NA,0.73226,200
205,15,0.1,D,1,NA,NA,NA,NA,4/14/22,NA,35,NA,NA,NA,NA,NA,0.6251,200
206,15,0.1,D,1,NA,NA,NA,NA,4/12/22,NA,36,NA,NA,NA,NA,NA,0.64296,200
207,15,0.1,D,1,NA,1,NA,NA,NA,5/18/22,88,NA,NA,0,NA,NA,1.57168,200
208,15,0.1,D,1,NA,1,NA,NA,NA,5/18/22,91,NA,NA,0,NA,NA,1.62526,200
209,15,0.1,D,1,NA,NA,NA,NA,4/12/22,NA,NA,NA,NA,NA,NA,NA,NA,200
210,15,0.1,D,1,NA,1,NA,NA,NA,5/18/22,85,NA,NA,0,NA,NA,1.5181,200
211,15,0.5,D,0,NA,NA,NA,NA,5/21/22,NA,94,NA,NA,0,NA,NA,1.67884,200
212,15,0.5,D,0,NA,1,NA,NA,NA,5/23/22,93,NA,NA,0,NA,NA,1.66098,200
213,15,0.5,D,0,NA,NA,NA,NA,5/1/22,NA,55,NA,NA,0,NA,NA,0.9823,200
214,15,0.5,D,0,NA,1,NA,NA,NA,5/23/22,92,NA,NA,0,NA,NA,1.64312,200
215,15,0.5,D,0,NA,NA,NA,NA,5/21/22,NA,82,NA,NA,0,NA,NA,1.46452,200
216,15,0.5,D,0,NA,1,NA,NA,NA,5/23/22,95,NA,NA,0,NA,NA,1.6967,200
217,15,0.5,D,0,NA,1,NA,NA,NA,5/23/22,92,NA,NA,0,NA,NA,1.64312,200
218,15,0.5,D,0,NA,1,NA,NA,NA,5/23/22,85,NA,NA,0,NA,NA,1.5181,200
219,15,0.5,D,0,NA,1,NA,NA,NA,5/23/22,93,NA,NA,0,NA,NA,1.66098,200
220,15,0.5,D,0,NA,NA,NA,1,NA,4/10/22,NA,NA,NA,NA,NA,NA,NA,200
221,15,0.5,D,0,NA,1,NA,NA,NA,5/23/22,88,NA,NA,0,NA,NA,1.57168,200
222,15,0.5,D,0,NA,1,NA,NA,NA,5/23/22,99,NA,NA,0,NA,NA,1.76814,200
223,15,0.5,D,0,NA,1,NA,NA,NA,5/23/22,92,NA,NA,0,NA,NA,1.64312,200
224,15,0.5,D,0,NA,1,NA,NA,NA,5/23/22,94,NA,NA,0,NA,NA,1.67884,200
225,15,0.5,D,0,NA,NA,NA,NA,5/21/22,NA,94,NA,NA,0,NA,NA,1.67884,200
226,15,0.5,D,1,1,1,NA,NA,NA,5/1/22,56,NA,NA,0,NA,NA,1.00016,200
227,15,0.5,D,1,NA,1,NA,NA,NA,5/18/22,92,NA,NA,0,NA,NA,1.64312,200
228,15,0.5,D,1,NA,1,NA,NA,NA,5/18/22,91,NA,NA,0,NA,NA,1.62526,200
229,15,0.5,D,1,NA,NA,NA,NA,5/12/22,NA,60,NA,NA,1,40,1,1.0716,200
230,15,0.5,D,1,1,1,NA,NA,NA,5/1/22,57,NA,NA,0,NA,NA,1.01802,200
231,15,0.5,D,1,NA,1,NA,NA,NA,5/18/22,93,NA,NA,0,NA,NA,1.66098,200
232,15,0.5,D,1,NA,1,NA,NA,NA,5/18/22,100,NA,NA,0,NA,NA,1.786,200
233,15,0.5,D,1,NA,NA,NA,1,NA,4/20/22,NA,NA,NA,NA,NA,NA,NA,200
234,15,0.5,D,1,NA,1,NA,NA,NA,5/18/22,95,NA,NA,0,NA,NA,1.6967,200
235,15,0.5,D,1,NA,1,NA,NA,NA,5/18/22,92,NA,NA,0,NA,NA,1.64312,200
236,15,0.5,D,1,NA,1,NA,NA,NA,5/18/22,97,NA,NA,0,NA,NA,1.73242,200
237,15,0.5,D,1,NA,1,NA,NA,NA,5/18/22,97,NA,NA,0,NA,NA,1.73242,200
238,15,0.5,D,1,1,1,NA,NA,NA,5/1/22,58,NA,NA,0,NA,NA,1.03588,200
239,15,0.5,D,1,NA,1,NA,NA,NA,5/18/22,88,NA,NA,0,NA,NA,1.57168,200
240,15,0.5,D,1,NA,NA,NA,1,NA,5/14/22,NA,NA,NA,NA,NA,NA,NA,200
241,15,0.5,D,1,NA,1,NA,NA,NA,5/18/22,94,NA,NA,0,NA,NA,1.67884,200
242,15,0.5,D,1,NA,NA,NA,NA,5/4/22,NA,40,NA,NA,0,0,1,0.7144,200
243,15,0.5,D,1,NA,1,NA,NA,NA,5/18/22,93,NA,NA,0,NA,NA,1.66098,200
244,15,0.5,D,1,NA,1,NA,NA,NA,5/18/22,95,NA,NA,0,NA,NA,1.6967,200
245,15,0.5,D,1,NA,NA,NA,NA,5/7/22,NA,85,NA,NA,1,56,1,1.5181,200
246,15,0.5,D,1,NA,1,NA,NA,NA,5/18/22,94,NA,NA,0,NA,NA,1.67884,200
247,15,0.5,D,1,NA,1,NA,NA,NA,5/18/22,90,NA,NA,0,NA,NA,1.6074,200
248,15,0.5,D,1,NA,NA,NA,NA,4/15/22,NA,43,NA,NA,NA,NA,NA,0.76798,200
249,15,0.5,D,1,NA,1,NA,NA,NA,5/18/22,86,NA,NA,0,NA,NA,1.53596,200
250,15,0.5,D,1,NA,1,NA,NA,NA,5/18/22,86,NA,NA,0,NA,NA,1.53596,200
251,15,0.5,D,1,NA,NA,NA,NA,5/4/22,NA,74,NA,NA,0,0,1,1.32164,200
252,15,0.5,D,1,NA,1,NA,NA,NA,5/18/22,93,NA,NA,0,NA,NA,1.66098,200
253,15,0.5,D,1,NA,1,NA,NA,NA,5/18/22,94,NA,NA,0,NA,NA,1.67884,200
254,15,0.5,D,1,NA,1,NA,NA,NA,5/18/22,87,NA,NA,0,NA,NA,1.55382,200
255,15,0.5,D,1,NA,1,NA,NA,NA,5/18/22,96,NA,NA,0,NA,NA,1.71456,200
256,15,0.5,D,1,NA,NA,NA,1,NA,4/11/22,NA,NA,NA,NA,NA,NA,NA,200
257,15,0.5,D,1,NA,NA,NA,NA,5/21/22,NA,85,NA,NA,1,194,1,1.5181,200
258,15,0.5,D,1,NA,NA,NA,NA,4/22/22,NA,64,NA,NA,0,0,1,1.14304,200
259,15,0.5,D,1,NA,NA,NA,1,NA,4/20/22,NA,NA,NA,NA,NA,NA,NA,200
260,15,0.5,D,1,NA,NA,NA,NA,4/14/22,NA,40,NA,NA,NA,NA,NA,0.7144,200
261,15,0.5,D,1,NA,1,NA,NA,NA,5/18/22,92,NA,NA,0,NA,NA,1.64312,200
262,15,0.5,D,1,NA,1,NA,NA,NA,5/18/22,91,NA,NA,0,NA,NA,1.62526,200
263,15,0.5,D,1,NA,1,NA,NA,NA,5/18/22,94,NA,NA,0,NA,NA,1.67884,200
264,15,0.5,D,1,NA,1,NA,NA,NA,5/18/22,97,NA,NA,0,NA,NA,1.73242,200
265,15,0.5,D,1,NA,NA,NA,NA,4/15/22,NA,46,NA,NA,NA,NA,NA,0.82156,200
266,15,0.5,D,1,NA,1,NA,NA,NA,5/18/22,94,NA,NA,0,NA,NA,1.67884,200
267,15,0.5,D,1,NA,1,NA,NA,NA,5/18/22,94,NA,NA,0,NA,NA,1.67884,200
268,15,0.5,D,1,NA,1,NA,NA,NA,5/18/22,96,NA,NA,0,NA,NA,1.71456,200
269,15,0.5,D,1,1,1,NA,NA,NA,5/1/22,56,NA,NA,0,NA,NA,1.00016,200
270,15,0.5,D,1,NA,NA,NA,1,NA,4/13/22,NA,NA,NA,NA,NA,NA,NA,200
271,15,1,D,0,NA,1,NA,NA,NA,5/23/22,86,NA,NA,0,NA,NA,1.53596,200
272,15,1,D,0,NA,1,NA,NA,NA,5/23/22,85,NA,NA,0,NA,NA,1.5181,200
273,15,1,D,0,NA,1,NA,NA,NA,5/23/22,89,NA,NA,0,NA,NA,1.58954,200
274,15,1,D,0,NA,1,NA,NA,NA,5/23/22,90,NA,NA,0,NA,NA,1.6074,200
275,15,1,D,0,NA,NA,1,NA,NA,5/11/22,88,NA,NA,0,NA,NA,1.57168,200
276,15,1,D,0,NA,1,NA,NA,NA,5/23/22,89,NA,NA,0,NA,NA,1.58954,200
277,15,1,D,0,1,1,NA,NA,NA,5/5/22,57,NA,NA,0,NA,NA,1.01802,200
278,15,1,D,0,NA,1,NA,NA,NA,5/23/22,87,NA,NA,0,NA,NA,1.55382,200
279,15,1,D,0,NA,1,NA,NA,NA,5/23/22,87,NA,NA,0,NA,NA,1.55382,200
280,15,1,D,0,NA,1,NA,NA,NA,5/23/22,82,NA,NA,0,NA,NA,1.46452,200
281,15,1,D,0,NA,NA,NA,NA,5/21/22,NA,88,NA,NA,0,NA,NA,1.57168,200
282,15,1,D,0,NA,1,NA,NA,NA,5/23/22,93,NA,NA,0,NA,NA,1.66098,200
283,15,1,D,0,NA,1,NA,NA,NA,5/23/22,87,NA,NA,0,NA,NA,1.55382,200
284,15,1,D,0,NA,1,NA,NA,NA,5/23/22,88,NA,NA,0,NA,NA,1.57168,200
285,15,1,D,0,NA,NA,NA,NA,5/21/22,NA,89,NA,NA,0,NA,NA,1.58954,200
286,15,1,D,1,NA,1,NA,NA,NA,5/18/22,81,NA,NA,0,NA,NA,1.44666,200
287,15,1,D,1,NA,NA,NA,1,NA,4/11/22,NA,NA,NA,NA,NA,NA,NA,200
288,15,1,D,1,NA,1,NA,NA,NA,5/18/22,87,NA,NA,0,NA,NA,1.55382,200
289,15,1,D,1,NA,1,NA,NA,NA,5/18/22,86,NA,NA,0,NA,NA,1.53596,200
290,15,1,D,1,NA,1,NA,NA,NA,5/18/22,90,NA,NA,0,NA,NA,1.6074,200
291,15,1,D,1,NA,NA,NA,NA,5/17/22,NA,86,NA,NA,1,133,1,1.53596,200
292,15,1,D,1,NA,NA,NA,NA,4/15/22,NA,46,NA,NA,NA,NA,NA,0.82156,200
293,15,1,D,1,NA,1,NA,NA,NA,5/18/22,92,NA,NA,0,NA,NA,1.64312,200
294,15,1,D,1,NA,1,NA,NA,NA,5/18/22,89,NA,NA,0,NA,NA,1.58954,200
295,15,1,D,1,NA,1,NA,NA,NA,5/18/22,87,NA,NA,0,NA,NA,1.55382,200
296,15,1,D,1,NA,1,NA,NA,NA,5/18/22,89,NA,NA,0,NA,NA,1.58954,200
297,15,1,D,1,NA,NA,NA,1,NA,4/11/22,NA,NA,NA,NA,NA,NA,NA,200
298,15,1,D,1,NA,1,NA,NA,NA,5/18/22,78,NA,NA,0,NA,NA,1.39308,200
299,15,1,D,1,NA,NA,NA,NA,5/20/22,NA,87,NA,NA,1,122,1,1.55382,200
300,15,1,D,1,NA,1,NA,NA,NA,5/18/22,87,NA,NA,0,NA,NA,1.55382,200
301,15,1,D,1,NA,NA,NA,NA,5/19/22,NA,88,NA,NA,1,150,1,1.57168,200
302,15,1,D,1,NA,1,NA,NA,NA,5/18/22,89,NA,NA,0,NA,NA,1.58954,200
303,15,1,D,1,NA,NA,NA,NA,5/13/22,NA,NA,NA,NA,1,100,1,NA,200
304,15,1,D,1,NA,NA,NA,NA,5/21/22,NA,79,NA,NA,1,118,1,1.41094,200
305,15,1,D,1,NA,NA,NA,NA,4/14/22,NA,35,NA,NA,NA,NA,NA,0.6251,200
306,15,1,D,1,NA,1,NA,NA,NA,5/18/22,84,NA,NA,0,NA,NA,1.50024,200
307,15,1,D,1,NA,1,NA,NA,NA,5/18/22,82,NA,NA,0,NA,NA,1.46452,200
308,15,1,D,1,NA,1,NA,NA,NA,5/18/22,88,NA,NA,0,NA,NA,1.57168,200
309,15,1,D,1,NA,NA,NA,NA,5/13/22,NA,86,NA,NA,1,86,1,1.53596,200
310,15,1,D,1,NA,1,NA,NA,NA,5/18/22,95,NA,NA,0,NA,NA,1.6967,200
311,15,1,D,1,NA,1,NA,NA,NA,5/18/22,87,NA,NA,0,NA,NA,1.55382,200
312,15,1,D,1,NA,NA,NA,NA,5/7/22,NA,83,NA,NA,0,0,1,1.48238,200
313,15,1,D,1,NA,NA,NA,NA,4/14/22,NA,65,NA,NA,NA,NA,NA,1.1609,200
314,15,1,D,1,NA,1,NA,NA,NA,5/18/22,86,NA,NA,0,NA,NA,1.53596,200
315,15,1,D,1,NA,NA,NA,NA,5/17/22,NA,84,NA,NA,1,99,1,1.50024,200
316,15,1,D,1,NA,1,NA,NA,NA,5/18/22,91,NA,NA,0,NA,NA,1.62526,200
317,15,1,D,1,NA,1,NA,NA,NA,5/18/22,89,NA,NA,0,NA,NA,1.58954,200
318,15,1,D,1,NA,NA,NA,NA,5/19/22,NA,83,NA,NA,1,142,1,1.48238,200
319,15,1,D,1,NA,1,NA,NA,NA,5/18/22,81,NA,NA,0,NA,NA,1.44666,200
320,15,1,D,1,NA,NA,NA,NA,5/18/22,NA,84,NA,NA,1,114,1,1.50024,200
321,15,1,D,1,NA,NA,NA,NA,5/21/22,NA,85,NA,NA,1,156,1,1.5181,200
322,15,1,D,1,NA,1,NA,NA,NA,5/18/22,86,NA,NA,0,NA,NA,1.53596,200
323,15,1,D,1,NA,1,NA,NA,NA,5/18/22,89,NA,NA,0,NA,NA,1.58954,200
324,15,1,D,1,NA,NA,NA,NA,5/22/22,NA,97,NA,NA,1,123,1,1.73242,200
325,15,1,D,1,NA,1,NA,NA,NA,5/18/22,86,NA,NA,0,NA,NA,1.53596,200
326,15,1,D,1,NA,1,NA,NA,NA,5/18/22,87,NA,NA,0,NA,NA,1.55382,200
327,15,1,D,1,NA,1,NA,NA,NA,5/18/22,86,NA,NA,0,NA,NA,1.53596,200
328,15,1,D,1,NA,NA,NA,NA,5/12/22,NA,84,NA,NA,1,116,1,1.50024,200
329,15,1,D,1,NA,1,NA,NA,NA,5/18/22,88,NA,NA,0,NA,NA,1.57168,200
330,15,1,D,1,NA,1,NA,NA,NA,5/18/22,90,NA,NA,0,NA,NA,1.6074,200
331,20,0.1,D,0,NA,NA,NA,1,NA,5/21/22,NA,NA,NA,NA,NA,NA,NA,200
332,20,0.1,D,0,NA,NA,NA,NA,5/19/22,NA,92,NA,NA,0,NA,NA,1.64312,200
333,20,0.1,D,0,NA,NA,NA,NA,5/22/22,NA,NA,NA,NA,0,NA,NA,NA,200
334,20,0.1,D,0,NA,NA,NA,NA,5/23/22,NA,95,NA,NA,0,NA,NA,1.6967,200
335,20,0.1,D,0,NA,NA,NA,NA,4/29/22,NA,NA,NA,NA,0,0,1,NA,200
336,20,0.1,D,0,NA,NA,NA,NA,5/16/22,NA,88,NA,NA,0,NA,NA,1.57168,200
337,20,0.1,D,0,NA,NA,1,NA,NA,4/23/22,76,NA,NA,0,NA,NA,1.35736,200
338,20,0.1,D,0,NA,NA,NA,NA,5/23/22,NA,NA,NA,NA,0,NA,NA,NA,200
339,20,0.1,D,0,NA,NA,NA,1,NA,4/21/22,NA,NA,NA,NA,NA,NA,NA,200
340,20,0.1,D,0,NA,NA,NA,NA,5/22/22,NA,95,NA,NA,0,NA,NA,1.6967,200
341,20,0.1,D,0,NA,NA,NA,NA,5/21/22,NA,92,NA,NA,0,NA,NA,1.64312,200
342,20,0.1,D,0,1,1,NA,NA,NA,5/1/22,63,NA,NA,0,NA,NA,1.12518,200
343,20,0.1,D,0,NA,NA,NA,NA,5/23/22,NA,91,NA,NA,0,NA,NA,1.62526,200
344,20,0.1,D,0,NA,NA,NA,NA,5/23/22,NA,95,NA,NA,0,NA,NA,1.6967,200
345,20,0.1,D,0,NA,NA,NA,NA,5/23/22,NA,NA,NA,NA,0,NA,NA,NA,200
346,20,0.1,D,1,NA,NA,NA,NA,4/29/22,NA,73,NA,NA,1,108,1,1.30378,200
347,20,0.1,D,1,NA,NA,NA,NA,4/30/22,NA,81,NA,NA,1,118,1,1.44666,200
348,20,0.1,D,1,NA,NA,NA,NA,4/23/22,NA,54,NA,NA,1,29,1,0.96444,200
349,20,0.1,D,1,NA,NA,NA,NA,5/2/22,NA,82,NA,NA,1,142,1,1.46452,200
350,20,0.1,D,1,NA,NA,NA,NA,4/28/22,NA,76,NA,NA,1,83,1,1.35736,200
351,20,0.1,D,1,NA,NA,NA,NA,5/1/22,NA,76,NA,NA,1,126,1,1.35736,200
352,20,0.1,D,1,NA,NA,NA,NA,4/29/22,NA,79,NA,NA,1,99,1,1.41094,200
353,20,0.1,D,1,NA,NA,NA,NA,4/29/22,NA,81,NA,NA,1,76,1,1.44666,200
354,20,0.1,D,1,NA,NA,NA,NA,4/27/22,NA,80,NA,NA,1,97,1,1.4288,200
355,20,0.1,D,1,NA,NA,NA,NA,4/29/22,NA,75,NA,NA,1,76,1,1.3395,200
356,20,0.1,D,1,NA,NA,NA,NA,4/30/22,NA,83,NA,NA,1,167,1,1.48238,200
357,20,0.1,D,1,1,NA,NA,NA,4/20/22,NA,53,NA,NA,1,69,0,0.94658,200
358,20,0.1,D,1,1,1,NA,NA,NA,4/30/22,54,NA,NA,0,NA,NA,0.96444,200
359,20,0.1,D,1,1,NA,NA,NA,4/24/22,NA,59,NA,NA,1,34,1,1.05374,200
360,20,0.1,D,1,NA,NA,NA,1,NA,4/20/22,NA,NA,NA,NA,NA,NA,NA,200
361,20,0.1,D,1,NA,1,NA,NA,NA,5/19/22,97,NA,NA,0,NA,NA,1.73242,200
362,20,0.1,D,1,NA,NA,NA,NA,4/29/22,NA,NA,NA,NA,1,39,1,NA,200
363,20,0.1,D,1,NA,NA,NA,NA,4/24/22,NA,74,NA,NA,1,77,1,1.32164,200
364,20,0.1,D,1,NA,NA,NA,NA,4/29/22,NA,67,NA,NA,1,110,1,1.19662,200
365,20,0.1,D,1,NA,1,NA,NA,4/30/22,NA,77,NA,NA,1,101,1,1.37522,200
366,20,0.1,D,1,NA,NA,NA,NA,NA,5/18/22,94,NA,NA,0,NA,NA,1.67884,200
367,20,0.1,D,1,NA,NA,NA,NA,4/16/22,NA,74,NA,NA,NA,NA,NA,1.32164,200
368,20,0.1,D,1,1,NA,NA,NA,4/23/22,NA,64,NA,NA,1,27,1,1.14304,200
369,20,0.1,D,1,NA,NA,NA,NA,4/29/22,NA,77,NA,NA,1,134,1,1.37522,200
370,20,0.1,D,1,NA,NA,NA,NA,4/29/22,NA,NA,NA,NA,NA,NA,NA,NA,200
371,20,0.1,D,1,NA,NA,NA,NA,4/23/22,NA,76,NA,NA,1,29,1,1.35736,200
372,20,0.1,D,1,NA,NA,NA,NA,4/29/22,NA,NA,NA,NA,1,40,1,NA,200
373,20,0.1,D,1,NA,NA,NA,NA,4/22/22,NA,NA,NA,NA,1,25,1,NA,200
374,20,0.1,D,1,NA,NA,NA,NA,4/22/22,NA,57,NA,NA,1,31,1,1.01802,200
375,20,0.1,D,1,NA,NA,NA,NA,4/29/22,NA,NA,NA,NA,NA,NA,NA,NA,200
376,20,0.5,D,0,NA,NA,NA,NA,5/21/22,NA,94,1,-1,0,NA,NA,1.88,200
377,20,0.5,D,0,NA,NA,NA,NA,5/21/22,NA,97,1,-1,0,NA,NA,1.94,200
378,20,0.5,D,0,NA,NA,1,NA,NA,4/15/22,71,NA,NA,NA,NA,NA,1.26806,200
379,20,0.5,D,0,NA,NA,NA,NA,5/23/22,NA,96,1,-1,0,NA,NA,1.92,200
380,20,0.5,D,0,NA,NA,NA,NA,5/23/22,NA,NA,NA,NA,0,NA,NA,NA,200
381,20,0.5,D,0,1,1,NA,NA,NA,5/1/22,59,NA,NA,0,NA,NA,1.05374,200
382,20,0.5,D,0,NA,1,NA,NA,NA,5/23/22,98,NA,NA,0,NA,NA,1.75028,200
383,20,0.5,D,0,NA,NA,NA,NA,4/23/22,NA,88,NA,NA,0,NA,NA,1.57168,200
384,20,0.5,D,0,NA,NA,NA,NA,5/21/22,NA,93,1,-1,0,NA,NA,1.86,200
385,20,0.5,D,0,NA,NA,NA,NA,4/24/22,NA,84,NA,NA,0,NA,NA,1.50024,200
386,20,0.5,D,0,NA,NA,NA,NA,4/24/22,NA,88,NA,NA,0,NA,NA,1.57168,200
387,20,0.5,D,0,NA,1,NA,NA,NA,5/23/22,96,1,-1,0,NA,NA,1.92,200
388,20,0.5,D,0,NA,NA,NA,1,4/12/22,NA,NA,NA,NA,NA,NA,NA,NA,200
389,20,0.5,D,0,1,1,NA,NA,NA,5/1/22,59,NA,NA,0,NA,NA,1.05374,200
390,20,0.5,D,0,NA,1,NA,NA,NA,5/23/22,83,1,-2,0,NA,NA,2.075,200
391,20,0.5,D,1,NA,1,NA,NA,NA,5/18/22,100,1,-1,0,NA,NA,2,200
392,20,0.5,D,1,NA,NA,NA,NA,4/22/22,NA,59,NA,NA,1,34,1,1.05374,200
393,20,0.5,D,1,NA,NA,NA,NA,4/15/22,NA,NA,NA,NA,1,51,1,NA,200
394,20,0.5,D,1,NA,NA,NA,NA,4/30/22,NA,84,NA,NA,0,0,1,1.50024,200
395,20,0.5,D,1,NA,NA,NA,NA,5/1/22,NA,88,NA,NA,1,162,1,1.57168,200
396,20,0.5,D,1,NA,NA,NA,NA,4/25/22,NA,NA,NA,NA,1,35,1,NA,200
397,20,0.5,D,1,NA,1,NA,NA,NA,5/18/22,93,1,-1,0,NA,NA,1.86,200
398,20,0.5,D,1,NA,NA,NA,NA,NA,5/5/22,NA,NA,NA,NA,NA,NA,NA,200
399,20,0.5,D,1,1,NA,NA,NA,4/24/22,NA,62,NA,NA,1,27,1,1.10732,200
400,20,0.5,D,1,NA,1,NA,NA,NA,5/18/22,95,1,-1,0,NA,NA,1.9,200
401,20,0.5,D,1,NA,1,NA,NA,NA,5/18/22,91,1,-1,0,NA,NA,1.82,200
402,20,0.5,D,1,NA,1,NA,NA,NA,5/18/22,95,1,-1,0,NA,NA,1.9,200
403,20,0.5,D,1,1,1,NA,NA,NA,5/1/22,62,NA,NA,0,NA,NA,1.10732,200
404,20,0.5,D,1,NA,NA,NA,NA,4/23/22,NA,74,NA,NA,1,57,1,1.32164,200
405,20,0.5,D,1,NA,NA,NA,NA,4/25/22,NA,77,NA,NA,1,106,1,1.37522,200
406,20,0.5,D,1,1,1,NA,NA,NA,5/1/22,61,NA,NA,0,NA,NA,1.08946,200
407,20,0.5,D,1,NA,NA,NA,NA,4/21/22,NA,77,NA,NA,0,0,1,1.37522,200
408,20,0.5,D,1,NA,NA,NA,NA,4/23/22,NA,85,NA,NA,1,45,1,1.5181,200
409,20,0.5,D,1,NA,1,NA,NA,NA,5/18/22,96,1,-1,0,NA,NA,1.92,200
410,20,0.5,D,1,NA,1,NA,NA,NA,5/18/22,92,1,-1,0,NA,NA,1.84,200
411,20,0.5,D,1,NA,NA,NA,NA,4/25/22,NA,72,NA,NA,1,132,1,1.28592,200
412,20,0.5,D,1,NA,1,NA,NA,NA,5/18/22,94,1,-1,0,NA,NA,1.88,200
413,20,0.5,D,1,NA,NA,NA,NA,5/1/22,NA,85,NA,NA,1,183,1,1.5181,200
414,20,0.5,D,1,NA,NA,NA,NA,4/22/22,NA,77,NA,NA,1,88,1,1.37522,200
415,20,0.5,D,1,1,1,NA,NA,NA,5/1/22,61,NA,NA,0,NA,NA,1.08946,200
416,20,0.5,D,1,NA,NA,NA,NA,4/25/22,NA,79,NA,NA,1,90,1,1.41094,200
417,20,0.5,D,1,1,NA,NA,NA,4/22/22,NA,52,NA,NA,0,0,1,0.92872,200
418,20,0.5,D,1,NA,NA,NA,NA,4/29/22,NA,81,NA,NA,1,101,1,1.44666,200
419,20,0.5,D,1,NA,1,NA,NA,NA,5/18/22,91,1,-1,0,NA,NA,1.82,200
420,20,0.5,D,1,NA,1,NA,NA,NA,5/18/22,95,1,-1,0,NA,NA,1.9,200
421,20,1,D,0,1,1,NA,NA,NA,5/1/22,63,NA,NA,0,NA,NA,1.12518,200
422,20,1,D,0,NA,1,NA,NA,NA,5/23/22,82,1,-2,0,NA,NA,2.05,200
423,20,1,D,0,NA,NA,NA,NA,5/20/22,NA,94,1,-1,0,NA,NA,1.88,200
424,20,1,D,0,NA,NA,NA,NA,5/22/22,NA,94,1,-1,0,NA,NA,1.88,200
425,20,1,D,0,NA,1,NA,NA,NA,5/23/22,80,1,-2,0,NA,NA,2,200
426,20,1,D,0,NA,1,NA,NA,NA,5/23/22,99,1,-1,0,NA,NA,1.98,200
427,20,1,D,0,NA,NA,NA,NA,5/20/22,NA,80,1,-2,0,NA,NA,2,200
428,20,1,D,0,NA,NA,NA,NA,5/22/22,NA,97,1,-1,0,NA,NA,1.94,200
429,20,1,D,0,NA,NA,NA,NA,5/22/22,NA,99,1,-1,0,NA,NA,1.98,200
430,20,1,D,0,NA,1,NA,NA,NA,5/23/22,82,1,-2,0,NA,NA,2.05,200
431,20,1,D,0,NA,1,NA,NA,NA,5/23/22,98,1,-1,0,NA,NA,1.96,200
432,20,1,D,0,1,NA,1,NA,NA,4/23/22,57,NA,NA,0,1,1,1.01802,200
433,20,1,D,0,NA,NA,NA,NA,5/14/22,NA,91,1,-1,0,NA,NA,1.82,200
434,20,1,D,0,NA,1,NA,NA,NA,5/23/22,82,1,-2,0,NA,NA,2.05,200
435,20,1,D,0,1,1,NA,NA,NA,5/1/22,61,NA,NA,0,NA,NA,1.08946,200
436,20,1,D,1,NA,1,NA,NA,NA,5/18/22,80,1,-2,0,NA,NA,2,200
437,20,1,D,1,NA,1,NA,NA,NA,5/18/22,98,1,-1,0,NA,NA,1.96,200
438,20,1,D,1,NA,1,NA,NA,NA,5/18/22,96,1,-1,0,NA,NA,1.92,200
439,20,1,D,1,NA,NA,NA,NA,4/26/22,NA,75,NA,NA,1,98,1,1.3395,200
440,20,1,D,1,NA,NA,NA,NA,4/20/22,NA,85,NA,NA,1,187,0,1.5181,200
441,20,1,D,1,NA,1,NA,NA,NA,5/18/22,92,1,-1,0,NA,NA,1.84,200
442,20,1,D,1,NA,NA,NA,NA,4/22/22,NA,78,NA,NA,1,97,1,1.39308,200
443,20,1,D,1,NA,NA,NA,NA,4/25/22,NA,82,NA,NA,1,100,1,1.46452,200
444,20,1,D,1,NA,1,NA,NA,NA,5/18/22,97,1,-1,0,NA,NA,1.94,200
445,20,1,D,1,NA,1,NA,NA,NA,5/18/22,95,1,-1,0,NA,NA,1.9,200
446,20,1,D,1,NA,1,NA,NA,NA,5/18/22,79,1,-2,0,NA,NA,1.975,200
447,20,1,D,1,NA,NA,NA,NA,4/24/22,NA,83,NA,NA,1,80,1,1.48238,200
448,20,1,D,1,NA,1,NA,NA,NA,5/18/22,98,1,-1,0,NA,NA,1.96,200
449,20,1,D,1,NA,NA,NA,NA,4/24/22,NA,78,NA,NA,1,68,1,1.39308,200
450,20,1,D,1,NA,NA,NA,1,NA,4/23/22,NA,NA,NA,NA,NA,NA,NA,200
451,20,1,D,1,NA,NA,NA,NA,4/5/22,NA,82,NA,NA,1,92,1,1.46452,200
452,20,1,D,1,NA,NA,NA,NA,4/29/22,NA,78,NA,NA,1,156,1,1.39308,200
453,20,1,D,1,NA,NA,NA,NA,4/24/22,NA,NA,NA,NA,1,17,1,NA,200
454,20,1,D,1,NA,1,NA,NA,NA,5/18/22,81,1,-2,0,NA,NA,2.025,200
455,20,1,D,1,NA,NA,NA,NA,4/24/22,NA,84,NA,NA,1,86,1,1.50024,200
456,20,1,D,1,NA,NA,NA,NA,4/29/22,NA,80,NA,NA,1,139,1,1.4288,200
457,20,1,D,1,NA,NA,NA,NA,4/24/22,NA,83,NA,NA,1,75,1,1.48238,200
458,20,1,D,1,NA,1,NA,NA,NA,5/18/22,82,1,-2,0,NA,NA,2.05,200
459,20,1,D,1,NA,NA,NA,NA,4/30/22,NA,80,NA,NA,1,205,1,1.4288,200
460,20,1,D,1,NA,1,NA,NA,NA,5/18/22,80,1,-2,0,NA,NA,2,200
461,20,1,D,1,NA,NA,NA,NA,4/24/22,NA,76,NA,NA,1,84,1,1.35736,200
462,20,1,D,1,NA,NA,NA,NA,4/24/22,NA,85,NA,NA,1,72,1,1.5181,200
463,20,1,D,1,NA,NA,NA,1,NA,4/10/22,NA,NA,NA,NA,NA,NA,NA,200
464,20,1,D,1,NA,NA,NA,1,NA,4/10/22,NA,NA,NA,NA,NA,NA,NA,200
465,20,1,D,1,NA,1,NA,NA,NA,5/18/22,100,1,-1,0,NA,NA,2,200
466,25,0.1,D,0,NA,NA,NA,NA,4/13/22,NA,65,NA,NA,0,NA,NA,1.1609,200
467,25,0.1,D,0,NA,NA,NA,NA,5/9/22,NA,92,NA,NA,1,157,1,1.64312,200
468,25,0.1,D,0,NA,NA,NA,NA,5/13/22,NA,95,NA,NA,0,NA,NA,1.6967,200
469,25,0.1,D,0,NA,NA,NA,NA,5/22/22,NA,NA,NA,NA,0,NA,NA,NA,200
470,25,0.1,D,0,NA,NA,NA,NA,5/17/22,NA,94,NA,NA,0,NA,NA,1.67884,200
471,25,0.1,D,0,NA,NA,NA,NA,4/14/22,NA,74,NA,NA,NA,NA,NA,1.32164,200
472,25,0.1,D,0,NA,NA,NA,NA,5/23/22,NA,NA,NA,NA,0,NA,NA,NA,200
473,25,0.1,D,0,NA,NA,NA,NA,5/22/22,NA,97,NA,NA,0,NA,NA,1.73242,200
474,25,0.1,D,0,NA,NA,NA,NA,5/22/22,NA,90,1,-1,0,NA,NA,1.8,200
475,25,0.1,D,0,NA,NA,NA,NA,5/22/22,NA,97,NA,NA,0,NA,NA,1.73242,200
476,25,0.1,D,0,NA,NA,NA,NA,5/23/22,NA,NA,NA,NA,0,NA,NA,NA,200
477,25,0.1,D,0,NA,NA,NA,1,NA,4/22/22,NA,NA,NA,NA,NA,NA,NA,200
478,25,0.1,D,0,NA,NA,NA,NA,5/23/22,NA,NA,NA,NA,0,NA,NA,NA,200
479,25,0.1,D,0,NA,NA,NA,NA,5/22/22,NA,91,1,-1,0,NA,NA,1.82,200
480,25,0.1,D,0,NA,NA,NA,NA,5/17/22,NA,96,NA,NA,0,NA,NA,1.71456,200
481,25,0.1,D,1,NA,NA,NA,NA,4/11/22,NA,NA,NA,NA,NA,NA,NA,NA,200
482,25,0.1,D,1,NA,NA,NA,NA,4/14/22,NA,74,NA,NA,NA,NA,NA,1.32164,200
483,25,0.1,D,1,NA,NA,1,NA,NA,4/26/22,NA,NA,NA,NA,NA,NA,NA,200
484,25,0.1,D,1,NA,NA,NA,1,NA,4/25/22,NA,NA,NA,NA,NA,NA,NA,200
485,25,0.1,D,1,NA,NA,NA,1,NA,4/25/22,NA,NA,NA,NA,NA,NA,NA,200
486,25,0.1,D,1,NA,NA,NA,NA,4/18/22,NA,78,NA,NA,1,111,0,1.39308,200
487,25,0.1,D,1,NA,NA,1,NA,NA,4/26/22,NA,NA,NA,NA,NA,NA,NA,200
488,25,0.1,D,1,NA,NA,NA,1,NA,4/25/22,NA,NA,NA,NA,NA,NA,NA,200
489,25,0.1,D,1,NA,NA,NA,1,NA,4/24/22,NA,NA,NA,NA,NA,NA,NA,200
490,25,0.1,D,1,NA,NA,NA,NA,4/24/22,NA,79,NA,NA,1,95,1,1.41094,200
491,25,0.1,D,1,NA,NA,NA,NA,4/23/22,NA,73,NA,NA,1,74,1,1.30378,200
492,25,0.1,D,1,NA,NA,NA,1,NA,4/19/22,NA,NA,NA,NA,NA,NA,NA,200
493,25,0.1,D,1,NA,NA,NA,NA,4/24/22,NA,77,NA,NA,1,88,1,1.37522,200
494,25,0.1,D,1,NA,NA,NA,NA,4/23/22,NA,78,NA,NA,1,99,1,1.39308,200
495,25,0.1,D,1,NA,NA,NA,NA,4/21/22,NA,77,NA,NA,1,101,0,1.37522,200
496,25,0.1,D,1,NA,NA,NA,NA,4/26/22,NA,87,NA,NA,1,117,1,1.55382,200
497,25,0.1,D,1,NA,NA,NA,NA,4/17/22,NA,79,NA,NA,1,80,0,1.41094,200
498,25,0.1,D,1,NA,NA,NA,NA,4/22/22,NA,77,NA,NA,1,83,1,1.37522,200
499,25,0.1,D,1,NA,NA,1,NA,NA,4/26/22,NA,NA,NA,NA,NA,NA,NA,200
500,25,0.1,D,1,NA,NA,NA,NA,4/24/22,NA,80,NA,NA,1,89,1,1.4288,200
501,25,0.1,D,1,NA,NA,NA,NA,4/20/22,NA,71,NA,NA,1,96,0,1.26806,200
502,25,0.1,D,1,NA,NA,NA,NA,4/24/22,NA,NA,NA,NA,1,67,1,NA,200
503,25,0.1,D,1,1,NA,NA,NA,4/21/22,NA,60,NA,NA,1,92,0,1.0716,200
504,25,0.1,D,1,NA,NA,NA,NA,4/23/22,NA,77,NA,NA,1,73,1,1.37522,200
505,25,0.1,D,1,NA,NA,NA,NA,4/24/22,NA,81,NA,NA,1,64,1,1.44666,200
506,25,0.1,D,1,NA,NA,NA,NA,4/24/22,NA,NA,NA,NA,1,15,1,NA,200
507,25,0.1,D,1,NA,NA,NA,1,NA,4/11/22,NA,NA,NA,NA,NA,NA,NA,200
508,25,0.1,D,1,NA,NA,NA,NA,4/24/22,NA,80,NA,NA,1,91,1,1.4288,200
509,25,0.1,D,1,NA,NA,NA,NA,4/26/22,NA,57,NA,NA,1,44,1,1.01802,200
510,25,0.1,D,1,NA,NA,NA,1,NA,4/10/22,NA,NA,NA,NA,NA,NA,NA,200
511,25,0.5,D,0,NA,NA,NA,1,NA,4/10/22,NA,NA,NA,NA,NA,NA,NA,200
512,25,0.5,D,0,NA,NA,NA,NA,5/21/22,NA,86,1,-2,0,NA,NA,2.15,200
513,25,0.5,D,0,NA,NA,NA,NA,5/22/22,NA,NA,NA,NA,0,NA,NA,NA,200
514,25,0.5,D,0,NA,1,NA,NA,NA,5/23/22,83,1,-2,0,NA,NA,2.075,200
515,25,0.5,D,0,NA,NA,NA,NA,5/21/22,NA,84,1,-2,0,NA,NA,2.1,200
516,25,0.5,D,0,NA,NA,NA,NA,4/10/22,NA,70,NA,NA,NA,NA,NA,1.2502,200
517,25,0.5,D,0,NA,NA,NA,NA,5/22/22,NA,NA,NA,NA,0,NA,NA,NA,200
518,25,0.5,D,0,NA,NA,NA,NA,4/10/22,NA,72,NA,NA,NA,NA,NA,1.28592,200
519,25,0.5,D,0,NA,1,NA,NA,NA,5/23/22,81,1,-2,0,NA,NA,2.025,200
520,25,0.5,D,0,NA,NA,NA,NA,4/10/22,NA,70,NA,NA,NA,NA,NA,1.2502,200
521,25,0.5,D,0,NA,NA,NA,NA,5/23/22,NA,81,1,-2,0,NA,NA,2.025,200
522,25,0.5,D,0,NA,NA,1,NA,NA,4/18/22,NA,NA,NA,0,0,0,NA,200
523,25,0.5,D,0,NA,NA,NA,NA,5/22/22,NA,95,1,-1,0,NA,NA,1.9,200
524,25,0.5,D,0,NA,1,NA,NA,NA,5/23/22,84,1,-2,0,NA,NA,2.1,200
525,25,0.5,D,0,NA,NA,NA,NA,5/23/22,NA,NA,NA,NA,0,NA,NA,NA,200
526,25,0.5,D,1,NA,NA,NA,NA,4/20/22,NA,75,NA,NA,1,269,0,1.3395,200
527,25,0.5,D,1,NA,NA,NA,NA,4/22/22,NA,NA,NA,NA,1,137,1,NA,200
528,25,0.5,D,1,NA,NA,NA,NA,4/18/22,NA,75,NA,NA,1,242,0,1.3395,200
529,25,0.5,D,1,NA,NA,NA,NA,4/24/22,NA,86,NA,NA,1,108,1,1.53596,200
530,25,0.5,D,1,NA,NA,NA,NA,4/20/22,NA,87,NA,NA,1,291,0,1.55382,200
531,25,0.5,D,1,NA,NA,NA,NA,4/22/22,NA,84,NA,NA,1,183,1,1.50024,200
532,25,0.5,D,1,NA,NA,NA,NA,4/20/22,NA,87,NA,NA,1,162,1,1.55382,200
533,25,0.5,D,1,NA,NA,NA,NA,4/22/22,NA,NA,NA,NA,1,185,1,NA,200
534,25,0.5,D,1,NA,NA,NA,NA,4/21/22,NA,90,NA,NA,1,171,0,1.6074,200
535,25,0.5,D,1,NA,NA,NA,NA,4/20/22,NA,75,NA,NA,1,136,1,1.3395,200
536,25,0.5,D,1,NA,NA,NA,NA,4/19/22,NA,84,NA,NA,1,250,0,1.50024,200
537,25,0.5,D,1,NA,NA,NA,NA,4/22/22,NA,93,NA,NA,1,232,1,1.66098,200
538,25,0.5,D,1,NA,NA,NA,NA,4/17/22,NA,81,NA,NA,1,165,0,1.44666,200
539,25,0.5,D,1,1,1,NA,NA,NA,4/16/22,61,NA,NA,1,70,0,1.08946,200
540,25,0.5,D,1,NA,NA,NA,NA,4/17/22,NA,82,NA,NA,1,213,0,1.46452,200
541,25,0.5,D,1,NA,NA,NA,NA,4/16/22,NA,77,NA,NA,NA,NA,NA,1.37522,200
542,25,0.5,D,1,NA,NA,NA,NA,4/21/22,NA,85,NA,NA,1,289,0,1.5181,200
543,25,0.5,D,1,NA,NA,NA,NA,4/18/22,NA,84,NA,NA,1,205,0,1.50024,200
544,25,0.5,D,1,NA,NA,NA,NA,4/23/22,NA,87,NA,NA,1,137,1,1.55382,200
545,25,0.5,D,1,NA,NA,NA,NA,4/10/22,NA,70,NA,NA,NA,NA,NA,1.2502,200
546,25,0.5,D,1,NA,NA,NA,NA,4/20/22,NA,85,NA,NA,1,104,1,1.5181,200
547,25,0.5,D,1,NA,NA,NA,NA,4/20/22,NA,80,NA,NA,1,141,1,1.4288,200
548,25,0.5,D,1,NA,NA,NA,NA,4/21/22,NA,NA,NA,NA,1,21,1,NA,200
549,25,0.5,D,1,NA,NA,NA,NA,4/22/22,NA,86,NA,NA,1,NA,NA,1.53596,200
550,25,0.5,D,1,NA,NA,NA,NA,4/19/22,NA,74,NA,NA,1,192,1,1.32164,200
551,25,0.5,D,1,NA,NA,NA,NA,4/19/22,NA,69,NA,NA,1,134,0,1.23234,200
552,25,0.5,D,1,NA,NA,NA,NA,4/20/22,NA,76,NA,NA,1,135,1,1.35736,200
553,25,0.5,D,1,NA,NA,NA,NA,4/17/22,NA,72,NA,NA,1,127,0,1.28592,200
554,25,0.5,D,1,1,1,NA,NA,NA,4/16/22,61,NA,NA,1,NA,NA,1.08946,200
555,25,0.5,D,1,1,1,NA,NA,NA,4/16/22,62,NA,NA,1,104,0,1.10732,200
556,25,1,D,0,NA,1,NA,NA,NA,5/23/22,87,1,-2,0,NA,NA,2.175,200
557,25,1,D,0,NA,NA,NA,NA,5/22/22,NA,87,1,-2,0,NA,NA,2.175,200
558,25,1,D,0,NA,NA,NA,NA,5/21/22,NA,NA,NA,NA,0,NA,NA,NA,200
559,25,1,D,0,NA,NA,NA,NA,5/13/22,NA,90,1,-2,0,NA,NA,2.25,200
560,25,1,D,0,NA,NA,NA,NA,5/21/22,NA,NA,NA,NA,0,NA,NA,NA,200
561,25,1,D,0,NA,NA,NA,NA,5/22/22,NA,89,1,-2,0,NA,NA,2.225,200
562,25,1,D,0,NA,NA,NA,NA,5/19/22,NA,NA,NA,NA,0,NA,NA,NA,200
563,25,1,D,0,NA,NA,NA,NA,4/16/22,NA,89,NA,NA,NA,NA,NA,1.58954,200
564,25,1,D,0,NA,NA,NA,NA,5/23/22,NA,NA,NA,NA,0,NA,NA,NA,200
565,25,1,D,0,NA,NA,NA,NA,5/11/22,NA,95,1,-1,0,NA,NA,1.9,200
566,25,1,D,0,NA,NA,NA,NA,5/21/22,NA,86,1,-2,0,NA,NA,2.15,200
567,25,1,D,0,NA,1,NA,NA,NA,5/23/22,89,1,-2,0,NA,NA,2.225,200
568,25,1,D,0,NA,NA,NA,NA,5/22/22,NA,82,1,-2,0,NA,NA,2.05,200
569,25,1,D,0,NA,NA,NA,1,NA,4/11/22,NA,NA,NA,NA,NA,NA,NA,200
570,25,1,D,0,NA,NA,NA,NA,5/23/22,NA,NA,NA,NA,0,NA,NA,NA,200
571,25,1,D,1,NA,NA,NA,NA,4/19/22,NA,95,NA,NA,1,NA,NA,1.6967,200
572,25,1,D,1,NA,NA,NA,NA,4/21/22,NA,87,NA,NA,1,145,1,1.55382,200
573,25,1,D,1,NA,NA,NA,NA,4/14/22,NA,76,NA,NA,NA,NA,NA,1.35736,200
574,25,1,D,1,NA,NA,NA,NA,4/17/22,NA,83,NA,NA,1,130,0,1.48238,200
575,25,1,D,1,NA,NA,NA,NA,4/20/22,NA,78,NA,NA,1,130,1,1.39308,200
576,25,1,D,1,NA,NA,NA,NA,4/26/22,NA,98,NA,NA,1,215,1,1.75028,200
577,25,1,D,1,NA,NA,NA,NA,4/20/22,NA,85,NA,NA,1,146,1,1.5181,200
578,25,1,D,1,NA,NA,NA,NA,4/19/22,NA,95,NA,NA,1,360,0,1.6967,200
579,25,1,D,1,NA,NA,NA,NA,4/17/22,NA,85,NA,NA,1,246,0,1.5181,200
580,25,1,D,1,NA,NA,NA,NA,4/19/22,NA,90,NA,NA,1,NA,NA,1.6074,200
581,25,1,D,1,NA,NA,NA,NA,4/23/22,NA,88,NA,NA,1,143,1,1.57168,200
582,25,1,D,1,NA,NA,NA,NA,4/17/22,NA,84,NA,NA,1,251,0,1.50024,200
583,25,1,D,1,NA,NA,NA,NA,4/21/22,NA,90,NA,NA,1,179,1,1.6074,200
584,25,1,D,1,NA,NA,NA,NA,4/20/22,NA,95,NA,NA,1,226,1,1.6967,200
585,25,1,D,1,NA,NA,NA,NA,4/20/22,NA,85,NA,NA,1,140,1,1.5181,200
586,25,1,D,1,NA,NA,NA,NA,4/20/22,NA,95,NA,NA,1,216,1,1.6967,200
587,25,1,D,1,NA,NA,NA,NA,4/23/22,NA,82,NA,NA,1,89,1,1.46452,200
588,25,1,D,1,NA,NA,NA,NA,4/22/22,NA,83,NA,NA,1,148,1,1.48238,200
589,25,1,D,1,NA,NA,NA,NA,4/20/22,NA,82,NA,NA,1,153,1,1.46452,200
590,25,1,D,1,NA,NA,NA,NA,4/22/22,NA,83,NA,NA,1,164,1,1.48238,200
591,25,1,D,1,NA,NA,NA,NA,4/22/22,NA,NA,NA,NA,1,182,1,NA,200
592,25,1,D,1,NA,NA,NA,NA,4/17/22,NA,90,NA,NA,1,178,0,1.6074,200
593,25,1,D,1,NA,NA,NA,NA,4/21/22,NA,89,NA,NA,1,195,1,1.58954,200
594,25,1,D,1,NA,1,NA,NA,NA,5/18/22,87,1,-2,0,NA,NA,2.175,200
595,25,1,D,1,NA,NA,NA,NA,4/20/22,NA,90,NA,NA,1,185,1,1.6074,200
596,25,1,D,1,NA,NA,NA,NA,4/19/22,NA,82,NA,NA,1,NA,NA,1.46452,200
597,25,1,D,1,NA,NA,NA,NA,4/12/22,NA,65,NA,NA,NA,NA,NA,1.1609,200
598,25,1,D,1,NA,NA,NA,NA,4/20/22,NA,80,NA,NA,1,182,1,1.4288,200
599,25,1,D,1,NA,NA,NA,NA,4/17/22,NA,85,NA,NA,1,176,0,1.5181,200
600,25,1,D,1,NA,NA,NA,NA,4/20/22,NA,87,NA,NA,1,199,1,1.55382,200
601,15,1,C,0,NA,1,NA,NA,NA,5/17/22,NA,NA,NA,0,NA,NA,NA,200
602,15,1,C,0,NA,1,NA,NA,NA,5/17/22,NA,NA,NA,0,NA,NA,NA,200
603,15,1,C,0,NA,1,NA,NA,NA,5/17/22,NA,NA,NA,0,NA,NA,NA,200
604,15,1,C,0,1,1,NA,NA,NA,5/1/22,35,NA,NA,0,NA,NA,0.6251,200
605,15,1,C,0,NA,1,NA,NA,NA,5/17/22,NA,NA,NA,0,NA,NA,NA,200
606,15,1,C,0,NA,1,NA,NA,NA,5/17/22,NA,NA,NA,0,NA,NA,NA,200
607,15,1,C,0,NA,1,NA,NA,NA,5/17/22,NA,NA,NA,0,NA,NA,NA,200
608,15,1,C,0,NA,1,NA,NA,NA,5/17/22,NA,NA,NA,0,NA,NA,NA,200
609,15,1,C,0,NA,1,NA,NA,NA,5/17/22,NA,NA,NA,0,NA,NA,NA,200
610,15,1,C,0,NA,1,NA,NA,NA,5/17/22,NA,NA,NA,0,NA,NA,NA,200
611,15,1,C,0,NA,1,NA,NA,NA,5/17/22,NA,NA,NA,0,NA,NA,NA,200
612,15,1,C,0,NA,1,NA,NA,NA,5/17/22,NA,NA,NA,0,NA,NA,NA,200
613,15,1,C,0,NA,1,NA,NA,NA,5/17/22,NA,NA,NA,0,NA,NA,NA,200
614,15,1,C,0,NA,1,NA,NA,NA,5/17/22,NA,NA,NA,0,NA,NA,NA,200
615,15,1,C,0,NA,1,NA,NA,NA,5/17/22,NA,NA,NA,0,NA,NA,NA,200
616,15,1,C,0,NA,1,NA,NA,NA,5/17/22,NA,NA,NA,0,NA,NA,NA,200
617,15,1,C,1,NA,1,NA,NA,NA,5/17/22,NA,NA,NA,0,NA,NA,NA,200
618,15,1,C,1,NA,1,NA,NA,NA,5/17/22,NA,NA,NA,0,NA,NA,NA,200
619,15,1,C,1,NA,1,NA,NA,NA,5/17/22,NA,NA,NA,0,NA,NA,NA,200
620,15,1,C,1,NA,1,NA,NA,NA,5/17/22,NA,NA,NA,0,NA,NA,NA,200
621,15,1,C,1,NA,NA,NA,NA,5/3/22,NA,NA,NA,NA,1,35,0,NA,200
622,15,1,C,1,NA,1,NA,NA,NA,5/17/22,NA,NA,NA,0,NA,NA,NA,200
623,15,1,C,1,NA,1,NA,NA,NA,5/17/22,NA,NA,NA,0,NA,NA,NA,200
624,15,1,C,1,NA,1,NA,NA,NA,5/17/22,NA,NA,NA,0,NA,NA,NA,200
625,15,1,C,1,NA,NA,NA,NA,4/21/22,NA,34,NA,NA,0,NA,NA,0.60724,200
626,15,1,C,1,NA,NA,NA,NA,5/3/22,NA,NA,NA,NA,1,52,0,NA,200
627,15,1,C,1,NA,1,NA,NA,NA,5/17/22,NA,NA,NA,0,NA,NA,NA,200
628,15,1,C,1,NA,1,NA,NA,NA,5/17/22,NA,NA,NA,0,NA,NA,NA,200
629,15,1,C,1,NA,NA,NA,NA,4/29/22,NA,34,NA,NA,1,4,0,0.60724,200
630,15,1,C,1,NA,1,NA,NA,NA,5/17/22,NA,NA,NA,0,NA,NA,NA,200
631,15,1,C,1,NA,NA,NA,NA,5/5/22,NA,NA,NA,NA,1,51,0,NA,200
632,15,1,C,1,NA,NA,NA,NA,4/26/22,NA,35,NA,NA,1,15,0,0.6251,200
633,15,1,C,1,NA,1,NA,NA,NA,5/17/22,NA,NA,NA,0,NA,NA,NA,200
634,15,1,C,1,NA,NA,NA,1,NA,4/14/22,NA,NA,NA,NA,NA,NA,NA,200
635,15,1,C,1,NA,1,NA,NA,NA,5/17/22,NA,NA,NA,0,NA,NA,NA,200
636,15,1,C,1,NA,1,NA,NA,NA,5/17/22,NA,NA,NA,0,NA,NA,NA,200
637,15,1,C,1,NA,NA,NA,NA,5/4/22,NA,37,NA,NA,1,32,0,0.66082,200
638,15,1,C,1,NA,NA,NA,NA,5/4/22,NA,NA,NA,NA,1,40,0,NA,200
639,15,1,C,1,NA,NA,NA,1,NA,4/19/22,NA,NA,NA,NA,NA,NA,NA,200
640,15,1,C,1,NA,1,NA,NA,NA,5/17/22,NA,NA,NA,0,NA,NA,NA,200
641,15,1,C,1,NA,1,NA,NA,NA,5/17/22,NA,NA,NA,0,NA,NA,NA,200
642,15,1,C,1,NA,NA,NA,NA,5/11/22,NA,41,NA,NA,0,NA,NA,0.73226,200
643,15,1,C,1,1,1,NA,NA,NA,5/1/22,34,NA,NA,0,NA,NA,0.60724,200
644,15,1,C,1,NA,1,NA,NA,NA,5/17/22,NA,NA,NA,0,NA,NA,NA,200
645,15,1,C,1,NA,1,NA,NA,NA,5/17/22,NA,NA,NA,0,NA,NA,NA,200
646,15,1,C,1,NA,NA,NA,NA,5/4/22,NA,NA,NA,NA,1,22,0,NA,200
647,15,1,C,1,NA,1,NA,NA,NA,5/17/22,NA,NA,NA,0,NA,NA,NA,200
648,15,1,C,1,NA,1,NA,NA,NA,5/17/22,NA,NA,NA,0,NA,NA,NA,200
649,15,1,C,1,NA,1,NA,NA,NA,5/17/22,NA,NA,NA,0,NA,NA,NA,200
650,15,1,C,1,NA,1,NA,NA,NA,5/17/22,NA,NA,NA,0,NA,NA,NA,200
651,20,1,C,0,NA,1,NA,NA,NA,5/17/22,NA,NA,NA,0,NA,NA,NA,200
652,20,1,C,0,NA,1,NA,NA,NA,5/17/22,NA,NA,NA,0,NA,NA,NA,200
653,20,1,C,0,NA,1,NA,NA,NA,5/17/22,NA,NA,NA,0,NA,NA,NA,200
654,20,1,C,0,NA,1,NA,NA,NA,5/17/22,NA,NA,NA,0,NA,NA,NA,200
655,20,1,C,0,NA,1,NA,NA,NA,5/17/22,NA,NA,NA,0,NA,NA,NA,200
656,20,1,C,0,NA,1,NA,NA,NA,5/17/22,NA,NA,NA,0,NA,NA,NA,200
657,20,1,C,0,NA,1,NA,NA,NA,5/17/22,NA,NA,NA,0,NA,NA,NA,200
658,20,1,C,0,NA,1,NA,NA,NA,5/17/22,NA,NA,NA,0,NA,NA,NA,200
659,20,1,C,0,NA,1,NA,NA,NA,5/17/22,NA,NA,NA,0,NA,NA,NA,200
660,20,1,C,0,NA,1,NA,NA,NA,5/17/22,NA,NA,NA,0,NA,NA,NA,200
661,20,1,C,0,NA,NA,NA,NA,4/30/22,NA,36,NA,NA,0,NA,NA,0.64296,200
662,20,1,C,0,NA,1,NA,NA,NA,5/17/22,NA,NA,NA,0,NA,NA,NA,200
663,20,1,C,0,NA,1,NA,NA,NA,5/17/22,NA,NA,NA,0,NA,NA,NA,200
664,20,1,C,0,NA,1,NA,NA,NA,5/17/22,NA,NA,NA,0,NA,NA,NA,200
665,20,1,C,0,NA,1,NA,NA,NA,5/17/22,NA,NA,NA,0,NA,NA,NA,200
666,20,1,C,0,NA,NA,NA,NA,4/22/22,NA,NA,NA,NA,0,0,0,NA,200
667,20,1,C,1,NA,NA,NA,NA,NA,4/11/22,NA,NA,NA,NA,NA,NA,NA,200
668,20,1,C,1,NA,NA,NA,NA,4/23/22,NA,32,NA,NA,1,48,0,0.57152,200
669,20,1,C,1,NA,NA,NA,NA,4/22/22,NA,39,NA,NA,1,37,0,0.69654,200
670,20,1,C,1,NA,NA,NA,NA,4/23/22,NA,39,NA,NA,1,28,0,0.69654,200
671,20,1,C,1,NA,NA,NA,NA,4/22/22,NA,40,NA,NA,1,20,0,0.7144,200
672,20,1,C,1,NA,NA,NA,NA,4/20/22,NA,33,NA,NA,1,15,1,0.58938,200
673,20,1,C,1,NA,NA,NA,NA,4/30/22,NA,32,NA,NA,1,41,0,0.57152,200
674,20,1,C,1,NA,NA,NA,NA,4/23/22,NA,35,NA,NA,1,45,1,0.6251,200
675,20,1,C,1,NA,1,NA,NA,NA,5/17/22,NA,NA,NA,0,NA,NA,NA,200
678,20,1,C,1,NA,NA,NA,1,NA,5/15/22,NA,NA,NA,NA,NA,NA,NA,200
679,20,1,C,1,NA,NA,NA,NA,4/20/22,NA,35,NA,NA,1,36,0,0.6251,200
680,20,1,C,1,NA,NA,NA,NA,4/23/22,NA,NA,NA,NA,1,33,1,NA,200
681,20,1,C,1,NA,1,NA,NA,NA,5/17/22,NA,NA,NA,0,NA,NA,NA,200
682,20,1,C,1,NA,1,NA,NA,NA,5/17/22,NA,NA,NA,0,NA,NA,NA,200
683,20,1,C,1,NA,NA,NA,NA,5/2/22,NA,39,NA,NA,0,NA,NA,0.69654,200
684,20,1,C,1,NA,1,NA,NA,NA,5/17/22,NA,NA,NA,0,NA,NA,NA,200
685,20,1,C,1,NA,NA,NA,NA,4/20/22,NA,32,NA,NA,1,18,0,0.57152,200
686,20,1,C,1,NA,NA,NA,NA,4/24/22,NA,NA,NA,NA,1,44,0,NA,200
687,20,1,C,1,NA,1,NA,NA,NA,5/17/22,NA,NA,NA,0,NA,NA,NA,200
688,20,1,C,1,NA,1,NA,NA,NA,5/17/22,NA,NA,NA,0,NA,NA,NA,200
689,20,1,C,1,NA,NA,NA,NA,4/20/22,NA,38,NA,NA,1,13,0,0.67868,200
690,20,1,C,1,NA,NA,NA,NA,4/22/22,NA,36,NA,NA,1,76,0,0.64296,200
691,20,1,C,1,NA,NA,NA,1,NA,4/21/22,NA,NA,NA,NA,NA,NA,NA,200
692,20,1,C,1,NA,NA,NA,NA,4/23/22,NA,33,NA,NA,1,43,0,0.58938,200
693,20,1,C,1,NA,NA,NA,NA,4/21/22,NA,31,NA,NA,0,0,0,0.55366,200
694,20,1,C,1,NA,NA,NA,NA,4/30/22,NA,36,NA,NA,0,NA,NA,0.64296,200
695,20,1,C,1,NA,1,NA,NA,NA,5/17/22,NA,NA,NA,0,NA,NA,NA,200
696,20,1,C,1,NA,NA,NA,1,NA,4/21/22,NA,NA,NA,NA,NA,NA,NA,200
697,20,1,C,1,NA,1,NA,NA,NA,5/17/22,NA,NA,NA,0,NA,NA,NA,200
698,20,1,C,1,NA,1,NA,NA,NA,5/17/22,NA,NA,NA,0,NA,NA,NA,200
699,20,1,C,1,NA,NA,NA,1,NA,4/28/22,NA,NA,NA,NA,NA,NA,NA,200
700,20,1,C,1,NA,1,NA,NA,NA,5/17/22,NA,NA,NA,0,NA,NA,NA,200
701,25,1,C,0,NA,NA,NA,NA,4/20/22,NA,37,NA,NA,1,4,0,0.66082,200
702,25,1,C,0,NA,1,NA,NA,NA,5/17/22,NA,NA,NA,0,NA,NA,NA,200
703,25,1,C,0,NA,NA,NA,NA,5/10/22,NA,NA,NA,NA,0,NA,NA,NA,200
704,25,1,C,0,NA,NA,NA,NA,5/12/22,NA,45,NA,NA,0,NA,NA,0.8037,200
705,25,1,C,0,NA,NA,NA,1,NA,4/22/22,NA,NA,NA,NA,NA,NA,NA,200
706,25,1,C,0,NA,NA,1,NA,NA,4/16/22,39,NA,NA,NA,NA,NA,0.69654,200
707,25,1,C,0,NA,NA,NA,NA,5/14/22,NA,45,NA,NA,0,NA,NA,0.8037,200
708,25,1,C,0,NA,NA,NA,NA,4/28/22,NA,40,NA,NA,0,NA,NA,0.7144,200
709,25,1,C,0,NA,NA,NA,NA,5/10/22,NA,NA,NA,NA,0,NA,NA,NA,200
710,25,1,C,0,NA,NA,NA,1,NA,5/3/22,NA,NA,NA,NA,NA,NA,NA,200
711,25,1,C,0,NA,1,NA,NA,NA,5/17/22,NA,NA,NA,0,NA,NA,NA,200
712,25,1,C,0,NA,NA,NA,NA,4/29/22,NA,NA,NA,NA,NA,NA,NA,NA,200
713,25,1,C,0,NA,NA,NA,1,4/17/22,NA,NA,NA,NA,NA,NA,NA,NA,200
714,25,1,C,0,NA,NA,NA,NA,5/5/22,NA,46,NA,NA,0,NA,NA,0.82156,200
715,25,1,C,0,NA,NA,NA,NA,5/10/22,NA,NA,NA,NA,0,NA,NA,NA,200
716,25,1,C,1,NA,NA,NA,NA,4/20/22,NA,NA,NA,NA,1,11,0,NA,200
717,25,1,C,1,NA,NA,NA,NA,4/19/22,NA,39,NA,NA,1,37,0,0.69654,200
718,25,1,C,1,NA,1,NA,NA,NA,5/17/22,NA,NA,NA,0,NA,NA,NA,200
719,25,1,C,1,NA,NA,NA,NA,4/19/22,NA,NA,NA,NA,1,13,0,NA,200
720,25,1,C,1,NA,NA,NA,NA,4/19/22,NA,33,NA,NA,1,33,0,0.58938,200
721,25,1,C,1,NA,NA,NA,NA,5/9/22,NA,NA,NA,NA,0,NA,NA,NA,200
726,25,1,C,1,NA,NA,NA,NA,4/18/22,NA,38,NA,NA,1,34,0,0.67868,200
727,25,1,C,1,NA,NA,NA,NA,4/19/22,NA,NA,NA,NA,1,48,0,NA,200
728,25,1,C,1,NA,NA,NA,NA,4/18/22,NA,33,NA,NA,1,33,0,0.58938,200
729,25,1,C,1,NA,NA,NA,NA,4/20/22,NA,NA,NA,NA,1,4,0,NA,200
730,25,1,C,1,NA,NA,NA,NA,4/18/22,NA,NA,NA,NA,1,45,0,NA,200
731,25,1,C,1,NA,1,NA,NA,NA,5/17/22,NA,NA,NA,0,NA,NA,NA,200
732,25,1,C,1,NA,NA,NA,NA,4/19/22,NA,40,NA,NA,1,62,0,0.7144,200
733,25,1,C,1,NA,NA,NA,NA,4/21/22,NA,40,NA,NA,1,23,0,0.7144,200
734,25,1,C,1,NA,NA,NA,1,NA,4/21/22,NA,NA,NA,NA,NA,NA,NA,200
735,25,1,C,1,NA,NA,NA,NA,4/18/22,NA,37,NA,NA,1,18,0,0.66082,200
736,25,1,C,1,NA,NA,NA,NA,4/17/22,NA,40,NA,NA,1,49,0,0.7144,200
737,25,1,C,1,NA,NA,NA,NA,4/29/22,NA,NA,NA,NA,0,NA,NA,NA,200
738,25,1,C,1,NA,NA,NA,1,NA,4/10/22,NA,NA,NA,NA,NA,NA,NA,200
739,25,1,C,1,NA,NA,NA,NA,4/17/22,NA,41,NA,NA,1,62,0,0.73226,200
740,25,1,C,1,NA,NA,NA,NA,4/19/22,NA,33,NA,NA,1,15,0,0.58938,200
741,25,1,C,1,NA,NA,NA,NA,4/19/22,NA,NA,NA,NA,1,28,0,NA,200
742,25,1,C,1,NA,NA,NA,NA,4/19/22,NA,NA,NA,NA,1,NA,NA,NA,200
743,25,1,C,1,NA,NA,NA,NA,4/20/22,NA,36,NA,NA,1,21,0,0.64296,200
744,25,1,C,1,NA,NA,NA,NA,4/18/22,NA,NA,NA,NA,1,39,0,NA,200
745,25,1,C,1,NA,NA,NA,NA,4/21/22,NA,42,NA,NA,1,50,0,0.75012,200
746,25,1,C,1,NA,1,NA,NA,NA,5/17/22,NA,NA,NA,0,NA,NA,NA,200
747,25,1,C,1,NA,NA,NA,1,NA,4/10/22,NA,NA,NA,NA,NA,NA,NA,200
748,25,1,C,1,NA,NA,NA,NA,4/19/22,NA,NA,NA,NA,1,NA,NA,NA,200
749,25,1,C,1,NA,NA,NA,NA,4/24/22,NA,NA,NA,NA,1,48,0,NA,200
750,25,1,C,1,NA,NA,NA,NA,4/19/22,NA,32,NA,NA,1,41,0,0.57152,200
NA,NA,NA,NA,NA,NA,NA,NA,NA,NA,NA,NA,NA,NA,NA,NA,NA,NA,200
NA,NA,NA,NA,NA,NA,NA,NA,NA,NA,NA,NA,NA,NA,NA,NA,NA,NA,200
NA,NA,NA,NA,NA,NA,NA,NA,NA,NA,NA,NA,NA,NA,NA,NA,NA,NA,200
NA,NA,NA,NA,NA,NA,NA,NA,NA,NA,NA,NA,NA,NA,NA,NA,NA,NA,200
NA,NA,NA,NA,NA,NA,NA,NA,NA,NA,NA,NA,NA,NA,NA,NA,NA,NA,200
NA,NA,NA,NA,NA,NA,NA,NA,NA,NA,NA,NA,NA,NA,NA,NA,NA,NA,200