bucket,sample_date,count_date,counter,juvenile_daphnia_uninf,adult_daphnia_uninf,juvenile_daphnia_inf,adult_daphnia_inf,male_daphnia_uninf,male_daphnia_inf,cerio_uninf,cerio_inf,ephippia,notes
8,6/27/2022,6/28/2022,JT,20,6,0,0,NA,NA,0,0,,
7,6/27/2022,6/28/2022,JT,59,27,0,0,NA,NA,0,0,,12 dead
19,6/27/2022,6/28/2022,JT,15,5,0,0,NA,NA,0,0,,2 dead
13,6/27/2022,6/28/2022,JT,30,4,0,0,NA,NA,0,0,,
2,6/27/2022,6/28/2022,JT,5,5,0,0,NA,NA,0,0,,
18,6/27/2022,6/28/2022,EL,4,3,0,0,NA,NA,0,0,,
5,6/27/2022,6/28/2022,EL,26,6,0,0,NA,NA,0,0,,5 very dead ones
11,6/27/2022,6/28/2022,EL,72,20,0,0,NA,NA,0,0,,
9,6/27/2022,6/28/2022,EL,48,8,0,0,NA,NA,0,0,,
30,6/27/2022,6/28/2022,EL,34,5,0,0,NA,NA,0,0,,
24,6/27/2022,6/28/2022,EL,38,9,0,0,NA,NA,0,0,,
12,6/27/2022,6/28/2022,DCS,48,6,0,0,NA,NA,0,0,,
22,6/27/2022,6/28/2022,DCS,33,10,0,0,NA,NA,0,0,,
21,6/27/2022,6/28/2022,DCS,20,5,0,0,NA,NA,0,0,,
3,6/27/2022,6/27/2022,KS,5,10,0,0,NA,NA,0,0,,
29,6/27/2022,6/27/2022,KS,26,16,0,0,NA,NA,0,0,,
31,6/27/2022,6/27/2022,KS,8,3,0,0,NA,NA,0,0,,
20,6/27/2022,6/27/2022,KS,6,5,0,0,NA,NA,0,0,,
14,6/27/2022,6/27/2022,KS,81,14,0,0,NA,NA,0,0,,
32,6/27/2022,6/27/2022,KS,37,28,0,0,NA,NA,0,0,,1 dead insect in sample with potential water mold
25,6/27/2022,6/27/2022,KS,72,28,0,0,NA,NA,0,0,,
1,6/27/2022,6/27/2022,DCS,8,16,0,0,NA,NA,0,0,,
4,6/27/2022,6/27/2022,DCS,4,8,0,0,NA,NA,0,0,,
16,6/27/2022,6/27/2022,DCS,22,11,0,0,NA,NA,0,0,,
15,6/27/2022,6/27/2022,DCS,22,6,0,0,NA,NA,0,0,,
23,6/27/2022,6/27/2022,DCS,45,7,0,0,NA,NA,0,0,,
6,6/27/2022,6/27/2022,DCS,67,26,0,0,NA,NA,0,0,,
28,6/27/2022,6/27/2022,DCS,95,18,0,0,NA,NA,0,0,,
10,6/27/2022,6/27/2022,KS,52,12,0,0,NA,NA,0,0,,
27,6/27/2022,6/27/2022,KS,31,18,0,0,NA,NA,0,0,,
26,6/27/2022,6/27/2022,KS,71,29,0,0,NA,NA,0,0,,
17,6/27/2022,6/28/2022,JT,2,11,0,0,NA,NA,1,0,,"1 cerio, 2 dead"
57,6/27/2022,6/27/2022,DCS,45,13,0,0,NA,NA,2,0,,
55,6/27/2022,6/27/2022,DCS,48,22,0,0,NA,NA,5,0,,
52,6/27/2022,6/27/2022,KS,12,14,0,0,NA,NA,6,0,,
33,6/27/2022,6/27/2022,KS,0,0,0,0,NA,NA,6,0,,
49,6/27/2022,6/27/2022,KS,9,7,0,0,NA,NA,7,0,,
63,6/27/2022,6/27/2022,DCS,12,13,0,0,NA,NA,7,0,,
60,6/27/2022,6/27/2022,KS,83,40,0,0,NA,NA,7,0,,
46,6/27/2022,6/27/2022,KS,0,0,0,0,NA,NA,8,0,,"1 dead Bosmina, 1 dead copepod"
51,6/27/2022,6/27/2022,DCS,8,3,0,0,NA,NA,9,0,,
58,6/27/2022,6/27/2022,KS,22,20,0,0,NA,NA,9,0,,
36,6/27/2022,6/27/2022,KS,0,0,0,0,NA,NA,10,0,,3 dead Bosmina
47,6/27/2022,6/27/2022,KS,0,0,0,0,NA,NA,10,0,,
64,6/27/2022,6/27/2022,KS,25,8,0,0,NA,NA,11,0,,
50,6/27/2022,6/27/2022,KS,5,8,0,0,NA,NA,11,0,,
34,6/27/2022,6/27/2022,DCS,0,0,0,0,NA,NA,12,0,,
35,6/27/2022,6/27/2022,KS,0,0,0,0,NA,NA,12,0,,"6 dead Bosmina, 1 dead insect"
56,6/27/2022,6/27/2022,DCS,26,7,0,0,NA,NA,13,0,,
48,6/27/2022,6/28/2022,JT,0,0,0,0,NA,NA,14,0,,1 dead
53,6/27/2022,6/27/2022,KS,23,18,0,0,NA,NA,14,0,,
43,6/27/2022,6/28/2022,EL,0,0,0,0,NA,NA,16,0,,
62,6/27/2022,6/27/2022,KS,57,17,0,0,NA,NA,17,0,,
45,6/27/2022,6/27/2022,DCS,0,0,0,0,NA,NA,17,0,,
54,6/27/2022,6/27/2022,KS,39,22,0,0,NA,NA,17,0,,
39,6/27/2022,6/28/2022,DCS,0,0,0,0,NA,NA,20,0,,
61,6/27/2022,6/27/2022,DCS,29,9,0,0,NA,NA,20,0,,
37,6/27/2022,6/27/2022,KS,0,0,0,0,NA,NA,24,0,,
59,6/27/2022,6/27/2022,KS,45,25,0,0,NA,NA,26,0,,
40,6/27/2022,6/28/2022,JT,0,0,0,0,NA,NA,28,0,,
38,6/27/2022,6/28/2022,EL,0,0,0,0,NA,NA,28,0,,
42,6/27/2022,6/27/2022,KS,0,0,0,0,NA,NA,31,0,,
44,6/27/2022,6/28/2022,EL,1,0,0,0,NA,NA,46,0,,1 juvenile Daphnia
41,6/27/2022,6/27/2022,KS,0,0,0,0,NA,NA,48,0,,
9,7/5/22,7/5/22,EL,45,0,0,0,NA,NA,0,0,,dead bug
7,7/5/22,7/5/22,EL,41,7,0,0,NA,NA,0,0,,
10,7/5/22,7/5/22,EL,41,3,0,0,NA,NA,0,0,,
31,7/5/22,7/5/22,EL,30,8,0,0,NA,NA,0,0,,
32,7/5/22,7/5/22,EL,40,11,0,0,NA,NA,0,0,,"dead bug, 2 small dark spheres, red tick"
25,7/5/22,7/5/22,EL,0,1,0,0,NA,NA,0,0,,
14,7/5/22,7/5/22,EL,39,7,0,0,NA,NA,0,0,,"daphia egg, dead bug"
26,7/5/22,7/5/22,EL,5,2,0,0,NA,NA,0,0,,reddish-orange D-A
20,7/5/22,7/5/22,EL,52,8,0,0,NA,NA,0,0,,red tick thing
54,7/5/22,7/5/22,KS,14,10,0,0,NA,NA,0,0,,should have cerio
57,7/5/22,7/5/22,KS,20,11,0,0,NA,NA,0,0,,should have cerio
27,7/5/22,7/5/22,KS,22,6,0,0,NA,NA,0,0,,mosquito larvae
11,7/5/22,7/5/22,KS,20,3,0,0,NA,NA,0,0,,
21,7/5/22,7/5/22,KS,38,12,0,0,NA,NA,0,0,,
55,7/5/22,7/5/22,KS,13,7,0,0,NA,NA,0,0,,"Mosquito larvae, should have cerio"
1,7/5/22,7/5/22,KS,44,11,0,0,NA,NA,0,0,,"mosquito larvae, worm thing"
28,7/5/22,7/5/22,JT,6,4,0,0,NA,NA,0,0,,
15,7/5/22,7/5/22,JT,31,5,0,0,NA,NA,0,0,,dead DJ
8,7/5/22,7/5/22,JT,40,5,0,0,NA,NA,0,0,,dead DJ
2,7/5/22,7/5/22,JT,21,8,0,0,NA,NA,0,0,,
3,7/5/22,7/5/22,JT,21,8,0,0,NA,NA,0,0,,
17,7/5/22,7/5/22,JT,16,4,0,0,NA,NA,0,0,,dead DJ
16,7/5/22,7/5/22,JT,27,5,0,0,NA,NA,0,0,,dead DJ
22,7/5/22,7/5/22,JT,44,7,0,0,NA,NA,0,0,,dead DJ x2
18,7/5/22,7/5/22,JT,31,5,0,0,NA,NA,0,0,,
13,7/5/22,7/5/22,JT,50,2,0,0,NA,NA,0,0,,dead x4
6,7/5/22,7/5/22,JT,9,7,0,0,NA,NA,0,0,,
24,7/5/22,7/5/22,DCS,23,3,0,0,NA,NA,0,0,,dead moth parts?
53,7/5/22,7/5/22,DCS,24,6,0,0,NA,NA,0,0,,mosquito larvae?
12,7/5/22,7/5/22,DCS,16,3,0,0,NA,NA,0,0,,
23,7/5/22,7/5/22,DCS,11,0,0,0,NA,NA,0,0,,
60,7/5/22,7/5/22,DCS,8,0,0,0,NA,NA,0,0,,
30,7/5/22,7/5/22,DCS,51,7,0,0,NA,NA,0,0,,
5,7/5/22,7/5/22,DCS,25,8,0,0,NA,NA,0,0,,1 larvae thing
4,7/5/22,7/6/22,JT,26,3,0,0,NA,NA,0,0,,
19,7/5/22,7/6/22,JT,29,7,0,0,NA,NA,0,0,,"deadbug, 2 dead J"
29,7/5/22,7/6/22,JT,35,2,0,0,NA,NA,0,0,,1 dead J
64,7/5/22,7/5/22,KS,40,7,0,0,NA,NA,1,0,,"mosquito larvae, Male daphnia"
56,7/5/22,7/5/22,DCS,13,2,0,0,NA,NA,1,0,,
63,7/5/22,7/5/22,DCS,36,5,0,0,NA,NA,1,0,,1 larvae molt
50,7/5/22,7/5/22,DCS,12,5,0,0,NA,NA,1,0,,1 larvae thing
58,7/5/22,7/5/22,KS,9,5,0,0,NA,NA,2,0,,
59,7/5/22,7/5/22,DCS,5,3,0,0,NA,NA,2,0,,
61,7/5/22,7/5/22,DCS,51,6,0,0,NA,NA,2,0,,
62,7/5/22,7/5/22,DCS,40,9,0,0,NA,NA,2,0,,
49,7/5/22,7/5/22,EL,40,7,0,0,NA,NA,3,0,,dead bug
51,7/5/22,7/6/22,EL,43,8,0,0,NA,NA,3,0,,dead juvinile
52,7/5/22,7/6/22,JT,24,13,0,0,NA,NA,7,0,,
45,7/5/22,7/5/22,EL,0,0,0,0,NA,NA,15,0,,
33,7/5/22,7/6/22,EL,0,0,0,0,NA,NA,16,0,,
34,7/5/22,7/6/22,EL,0,0,0,0,NA,NA,17,0,,dead bug x2
48,7/5/22,7/5/22,JT,0,0,0,0,NA,NA,18,0,,
39,7/5/22,7/5/22,KS,2,1,0,0,NA,NA,20,0,,Daphnia invasion ( maybe missed a spot washing watch glasses)
46,7/5/22,7/5/22,JT,0,0,0,0,NA,NA,20,0,,
44,7/5/22,7/5/22,JT,0,0,0,0,NA,NA,20,0,,"black bug eggs, or a dead bug"
37,7/5/22,7/5/22,KS,1,2,0,0,NA,NA,21,0,,Daphnia invasion
36,7/5/22,7/5/22,EL,0,0,0,0,NA,NA,23,0,,
40,7/5/22,7/5/22,DCS,0,0,0,0,NA,NA,25,0,,
35,7/5/22,7/5/22,JT,0,0,0,0,NA,NA,26,0,,
38,7/5/22,7/6/22,EL,0,0,0,0,NA,NA,30,0,,dead bug
42,7/5/22,7/5/22,EL,0,0,0,0,NA,NA,36,0,,
47,7/5/22,7/5/22,EL,0,0,0,0,NA,NA,41,0,,
43,7/5/22,7/5/22,EL,0,0,0,0,NA,NA,50,0,,
41,7/5/22,7/5/22,DCS,0,0,0,0,NA,NA,60,0,,
21,7/11/22,7/12/22,KS,37,29,0,0,NA,NA,0,0,,
6,7/11/22,7/12/22,KS,7,9,0,0,NA,NA,0,0,,
10,7/11/22,7/12/22,KS,11,15,0,0,NA,NA,0,0,,
17,7/11/22,7/12/22,KS,18,4,0,0,NA,NA,0,0,,
11,7/11/22,7/12/22,KS,21,31,0,0,NA,NA,0,0,,
20,7/11/22,7/12/22,KS,5,54,0,0,NA,NA,0,0,,
9,7/11/22,7/12/22,KS,4,19,0,0,NA,NA,0,0,,
30,7/11/22,7/12/22,KS,20,37,0,0,NA,NA,0,0,,2 live Alona sp.
23,7/11/22,7/11/22,DCS,13,11,0,0,NA,NA,0,0,,
53,7/11/22,7/11/22,DCS,10,5,0,0,NA,NA,0,0,,1 larvae thing
54,7/11/22,7/11/22,DCS,8,18,0,0,NA,NA,0,0,,
5,7/11/22,7/11/22,DCS,26,2,0,0,NA,NA,0,0,,
2,7/11/22,7/12/22,JT,67,12,0,0,NA,NA,0,0,,
15,7/11/22,7/12/22,JT,31,7,0,0,NA,NA,0,0,,2 dead
4,7/11/22,7/12/22,JT,35,11,0,0,NA,NA,0,0,,1 dead; 1 dead insect
24,7/11/22,7/12/22,JT,49,12,0,0,NA,NA,0,0,,2 dead
28,7/11/22,7/12/22,JT,25,19,0,0,NA,NA,0,0,,
27,7/11/22,7/12/22,JT,11,3,0,0,NA,NA,0,0,,dead bug
19,7/11/22,7/12/22,JT,40,6,0,0,NA,NA,0,0,,dead bug
57,7/11/22,7/12/22,JT,7,34,0,0,NA,NA,0,0,,no cerio
25,7/11/22,7/12/22,JT,7,4,0,0,NA,NA,0,0,,
16,7/11/22,7/12/22,JT,17,16,0,0,NA,NA,0,0,,dead bug
31,7/11/22,7/12/22,JT,14,22,0,0,NA,NA,0,0,,
3,7/11/22,7/12/22,JT,30,8,0,0,NA,NA,0,0,,
14,7/11/22,7/12/22,JT,34,10,0,0,NA,NA,0,0,,
12,7/11/22,7/12/22,JT,6,1,0,0,NA,NA,0,0,,
13,7/11/22,7/12/22,JT,15,49,0,0,NA,NA,0,0,,
26,7/11/22,7/11/22,JT,33,16,0,0,NA,NA,0,0,,
18,7/11/22,7/11/22,KS,20,14,0,0,NA,NA,0,0,,
7,7/11/22,7/11/22,KS,24,27,0,0,NA,NA,0,0,,
51,7/11/22,7/11/22,KS,17,9,0,0,NA,NA,0,0,,no cerio
60,7/11/22,7/11/22,KS,37,68,0,0,NA,NA,0,0,,no cerio
8,7/11/22,7/11/22,KS,40,11,0,0,NA,NA,0,0,,
58,7/11/22,7/11/22,KS,16,16,0,0,NA,NA,0,0,,no cerio
29,7/11/22,7/11/22,KS,17,57,0,0,NA,NA,0,0,,
1,7/11/22,7/11/22,KS,28,22,0,0,NA,NA,0,0,,
32,7/11/22,7/11/22,KS,22,32,0,0,NA,NA,0,0,,
22,7/11/22,7/11/22,KS,7,4,0,0,NA,NA,0,0,,low abundances
55,7/11/22,7/11/22,KS,45,44,0,0,NA,NA,1,0,,
62,7/11/22,7/11/22,KS,8,21,0,0,NA,NA,1,0,,
49,7/11/22,7/11/22,KS,32,14,0,0,NA,NA,2,0,,insect larvae and wasp like insect
50,7/11/22,7/11/22,KS,4,29,0,0,NA,NA,2,0,,insect larvae
59,7/11/22,7/11/22,KS,47,108,0,0,NA,NA,3,0,,
61,7/11/22,7/11/22,KS,11,73,0,0,NA,NA,3,0,,winged insect
64,7/11/22,7/11/22,KS,14,50,0,0,NA,NA,3,0,,
52,7/11/22,7/11/22,KS,10,58,0,0,NA,NA,4,0,,insect larvae
56,7/11/22,7/11/22,DCS,8,29,0,0,NA,NA,6,0,,
63,7/11/22,7/11/22,KS,26,72,0,0,NA,NA,11,0,,
34,7/11/22,7/11/22,KS,0,0,0,0,NA,NA,36,0,,
37,7/11/22,7/12/22,JT,0,0,0,0,NA,NA,45,0,,
36,7/11/22,7/11/22,KS,0,0,0,0,NA,NA,51,0,,insect larvae
35,7/11/22,7/12/22,JT,0,0,0,0,NA,NA,60,0,,
45,7/11/22,7/11/22,KS,0,0,0,0,NA,NA,61,0,,
33,7/11/22,7/12/22,KS,0,0,0,0,NA,NA,63,0,,1 dead insect larvae
46,7/11/22,7/11/22,KS,0,0,0,0,NA,NA,66,0,,
48,7/11/22,7/12/22,KS,0,0,0,0,NA,NA,75,0,,
43,7/11/22,7/12/22,KS,0,0,0,0,NA,NA,79,0,,1 dead insect larvae
39,7/11/22,7/11/22,JT,7,5,0,0,NA,NA,87,0,,Daphnia invasion
38,7/11/22,7/11/22,KS,0,0,0,0,NA,NA,94,0,,1 dead insect larvae
42,7/11/22,7/11/22,JT,0,0,0,0,NA,NA,98,0,,2 dead
41,7/11/22,7/11/22,KS,0,0,0,0,NA,NA,111,0,,
40,7/11/22,7/11/22,KS,0,0,0,0,NA,NA,142,0,,
47,7/11/22,7/12/22,JT,0,0,0,0,NA,NA,185,0,,
44,7/11/22,7/12/22,KS,2,9,0,0,NA,NA,257,0,,Daphnia invasion
10,7/14/22,7/14/22,JT,16,14,0,0,NA,NA,0,0,,
32,7/14/22,7/14/22,JT,23,56,0,0,NA,NA,0,0,,
54,7/14/22,7/14/22,JT,22,13,0,0,NA,NA,0,0,,no cerio
58,7/14/22,7/14/22,JT,42,27,0,0,NA,NA,0,0,,no cerio
57,7/14/22,7/14/22,JT,85,63,0,0,NA,NA,0,0,,no cerio
19,7/14/22,7/14/22,JT,39,10,0,0,NA,NA,0,0,,dead bug parts
8,7/14/22,7/14/22,KS,25,102,0,0,NA,NA,0,0,,
7,7/14/22,7/14/22,KS,213,72,0,0,NA,NA,0,0,,
6,7/14/22,7/14/22,KS,25,9,0,0,NA,NA,0,0,,
26,7/14/22,7/14/22,KS,33,11,0,0,NA,NA,0,0,,
55,7/14/22,7/14/22,KS,150,62,0,0,NA,NA,0,0,,no cerio
18,7/14/22,7/14/22,DCS,24,17,0,0,NA,NA,0,0,,
2,7/14/22,7/14/22,DCS,32,33,0,0,NA,NA,0,0,,
25,7/14/22,7/14/22,DCS,34,17,0,0,NA,NA,0,0,,1 red tick thing
27,7/14/22,7/14/22,DCS,16,10,0,0,NA,NA,0,0,,
11,7/14/22,7/14/22,DCS,234,111,0,0,NA,NA,0,0,,
12,7/14/22,7/14/22,DCS,17,7,0,0,NA,NA,0,0,,
24,7/14/22,7/14/22,DCS,42,4,0,0,NA,NA,0,0,,
21,7/14/22,7/14/22,KS,36,57,0,0,NA,NA,0,0,,
56,7/14/22,7/14/22,KS,41,57,0,0,NA,NA,0,0,,no cerio
9,7/14/22,7/14/22,KS,6,15,0,0,NA,NA,0,0,,dead winged insect
30,7/14/22,7/14/22,KS,27,5,0,0,NA,NA,0,0,,3 alona sp
16,7/14/22,7/14/22,KS,6,50,0,0,NA,NA,0,0,,
13,7/14/22,7/14/22,KS,37,54,0,0,NA,NA,0,0,,
29,7/14/22,7/14/22,KS,42,93,0,0,NA,NA,0,0,,1 alona sp
14,7/14/22,7/14/22,KS,11,37,0,0,NA,NA,0,0,,
5,7/14/22,7/14/22,DCS,14,4,0,0,NA,NA,0,0,,
22,7/14/22,7/14/22,DCS,16,1,0,0,NA,NA,0,0,,
3,7/14/22,7/14/22,DCS,17,11,0,0,NA,NA,0,0,,
1,7/14/22,7/14/22,DCS,62,20,0,0,NA,NA,0,0,,
20,7/14/22,7/14/22,DCS,36,74,0,0,NA,NA,0,0,,adult bug
28,7/14/22,7/14/22,DCS,85,36,0,0,NA,NA,0,0,,1 larvae
31,7/14/22,7/14/22,DCS,23,30,0,0,NA,NA,0,0,,
15,7/14/22,7/14/22,DCS,36,4,0,0,NA,NA,0,0,,
23,7/14/22,7/14/22,DCS,60,24,0,0,NA,NA,0,0,,
4,7/14/22,7/14/22,DCS,34,6,0,0,NA,NA,0,0,,3 larvae
17,7/14/22,7/14/22,DCS,30,6,0,0,NA,NA,0,0,,
50,7/14/22,7/14/22,JT,23,35,0,0,NA,NA,1,0,,
51,7/14/22,7/14/22,JT,10,15,0,0,NA,NA,1,0,,dead bug
53,7/14/22,7/14/22,KS,7,36,0,0,NA,NA,1,0,,3 alona sp.
49,7/14/22,7/14/22,KS,9,39,0,0,NA,NA,1,0,,
52,7/14/22,7/14/22,DCS,27,57,0,0,NA,NA,1,0,,2 larvae
62,7/14/22,7/14/22,DCS,26,25,0,0,NA,NA,1,0,,
61,7/14/22,7/14/22,KS,62,50,0,0,NA,NA,3,0,,
63,7/14/22,7/14/22,JT,45,46,0,0,NA,NA,5,0,,
59,7/14/22,7/14/22,KS,123,69,0,0,NA,NA,6,0,,
64,7/14/22,7/14/22,JT,63,38,0,0,NA,NA,14,0,,
60,7/14/22,7/14/22,DCS,157,92,0,0,NA,NA,16,0,,
36,7/14/22,7/14/22,KS,0,0,0,0,NA,NA,46,0,,
34,7/14/22,7/14/22,KS,0,0,0,0,NA,NA,52,0,,
33,7/14/22,7/14/22,KS,0,0,0,0,NA,NA,62,0,,
35,7/14/22,7/14/22,KS,0,0,0,0,NA,NA,64,0,,winged insect - dead
37,7/14/22,7/14/22,KS,8,0,0,0,NA,NA,67,0,,dead winged insect. Daphnia invasion
38,7/14/22,7/14/22,KS,0,0,0,0,NA,NA,98,0,,
43,7/14/22,7/14/22,KS,0,0,0,0,NA,NA,134,0,,
39,7/14/22,7/14/22,KS,9,11,0,0,NA,NA,134,0,,Daphnia invasion
42,7/14/22,7/14/22,KS,0,0,0,0,NA,NA,145,0,,
48,7/14/22,7/14/22,DCS,0,0,0,0,NA,NA,159,0,,1 red tick thing. 2 midge larvae
40,7/14/22,7/14/22,KS,0,0,0,0,NA,NA,160,0,,
45,7/14/22,7/14/22,KS,0,0,0,0,NA,NA,175,0,,
41,7/14/22,7/14/22,JT,0,0,0,0,NA,NA,181,0,,
46,7/14/22,7/14/22,JT,0,0,0,0,NA,NA,228,0,,
47,7/14/22,7/14/22,JT,0,0,0,0,NA,NA,251,0,,
44,7/14/22,7/14/22,KS,16,8,0,0,NA,NA,372,0,,Daphnia invasion
15,7/18/22,7/18/22,KS,23,64,0,0,0,0,0,0,,
19,7/18/22,7/18/22,KS,29,39,0,0,0,0,0,0,,
28,7/18/22,7/18/22,KS,102,89,0,10,0,0,0,0,,
53,7/18/22,7/18/22,KS,40,72,0,0,0,0,0,0,,11 alive alona sp
54,7/18/22,7/18/22,KS,43,44,0,4,0,0,0,0,,
11,7/18/22,7/18/22,JT,229,77,0,0,0,0,0,0,,
2,7/18/22,7/18/22,JT,50,60,0,0,0,0,0,0,,"dead bug, 5 dead"
9,7/18/22,7/18/22,JT,91,38,0,0,0,0,0,0,,
21,7/18/22,7/18/22,JT,21,40,0,0,0,0,0,0,,
17,7/18/22,7/18/22,JT,12,42,0,5,0,0,0,0,,dead bug
30,7/18/22,7/18/22,JT,20,5,0,0,0,0,0,0,,8 alive alona sp
29,7/18/22,7/18/22,JT,88,60,1,3,0,0,0,0,,
31,7/18/22,7/18/22,JT,50,37,0,4,0,0,0,0,,
20,7/18/22,7/18/22,JT,141,96,3,3,0,0,0,0,,"on sheet is 20, could be 20 or 24"
32,7/18/22,7/18/22,JT,50,30,0,0,0,0,0,0,,dead bug
18,7/18/22,7/18/22,JT,12,27,0,4,0,0,0,0,,
24,7/18/22,7/18/22,JT,9,34,0,0,0,0,0,0,,"1 dead adult, on sheet is 20 but could be 20 or 24. Selected as 24 based on densities from previous and following samplings"
27,7/18/22,7/18/22,EL,32,38,0,7,0,0,0,0,,
16,7/18/22,7/18/22,EL,84,103,0,0,0,0,0,0,,1 dead dj
10,7/18/22,7/19/22,KS,48,80,0,0,0,0,0,0,,Big ole dead bug
26,7/18/22,7/19/22,KS,26,70,0,6,0,0,0,0,,"super green, 1 dead insect larvae"
7,7/18/22,7/19/22,JT,128,57,0,0,0,0,0,0,,
23,7/18/22,7/19/22,JT,142,60,0,4,0,0,0,0,,about 5 dead
22,7/18/22,7/19/22,JT,23,11,0,0,0,0,0,0,,1 dead 
25,7/18/22,7/19/22,JT,89,46,0,3,0,0,0,0,,3 dead
4,7/18/22,7/19/22,JT,15,24,0,0,0,0,0,0,,
1,7/18/22,7/19/22,JT,32,27,0,0,0,0,0,0,,7 dead
8,7/18/22,7/19/22,JT,166,115,0,0,0,0,0,0,,2 dead bugs
5,7/18/22,7/19/22,JT,17,9,0,0,0,0,0,0,,
6,7/18/22,7/19/22,JT,136,120,0,0,0,0,0,0,,
57,7/18/22,7/19/22,KS,200,167,0,36,1,0,0,0,,no cerio
60,7/18/22,7/19/22,KS,148,118,0,10,20,0,0,0,,no cerio
12,7/18/22,7/19/22,KS,139,110,0,0,0,0,0,0,,
14,7/18/22,7/19/22,KS,32,31,0,0,0,0,0,0,,
13,7/18/22,7/19/22,KS,118,59,0,0,0,0,0,0,,
3,7/18/22,7/19/22,DCS,16,31,0,0,0,0,0,0,,
56,7/18/22,7/18/22,KS,206,111,0,13,0,0,1,0,,
50,7/18/22,7/19/22,KS,93,69,0,0,0,0,1,0,,
55,7/18/22,7/18/22,KS,303,107,0,1,0,0,2,0,,
49,7/18/22,7/19/22,KS,25,77,0,0,0,0,2,0,,"6 insect larvae, 1 alive"
51,7/18/22,7/19/22,KS,18,72,0,0,0,0,2,0,,
58,7/18/22,7/19/22,DCS,202,46,0,9,0,0,3,0,,
64,7/18/22,7/18/22,KS,106,47,0,0,0,0,4,0,,winged insect - dead. Forgot to clear counter. 312-47-0-13-5 if wrong. Didn't remember any inf from this one so I think it's right
62,7/18/22,7/18/22,KS,97,43,0,4,0,0,4,0,,
52,7/18/22,7/18/22,KS,153,85,0,0,0,0,6,0,,2 dead insect larvae
61,7/18/22,7/18/22,KS,133,66,0,1,0,0,11,0,,
63,7/18/22,7/18/22,KS,96,60,0,0,0,0,15,0,,
59,7/18/22,7/19/22,DCS,246,73,0,7,0,0,15,0,,
43,7/18/22,7/19/22,KS,0,0,0,0,0,0,42,0,,
34,7/18/22,7/19/22,KS,0,0,0,0,0,0,57,0,,1 dead insect larvae
33,7/18/22,7/19/22,KS,0,0,0,0,0,0,63,0,,
35,7/18/22,7/19/22,KS,0,0,0,0,0,0,81,0,,
36,7/18/22,7/19/22,KS,0,0,0,0,0,0,91,0,,2 dead insect larvae
38,7/18/22,7/19/22,KS,0,0,0,0,0,0,95,0,,
48,7/18/22,7/19/22,KS,0,0,0,0,0,0,157,0,,
37,7/18/22,7/19/22,KS,3,7,0,0,0,0,193,0,,
45,7/18/22,7/18/22,EL,0,0,0,0,0,0,316,0,2,
46,7/18/22,7/19/22,KS,0,0,0,0,0,0,335,0,,
47,7/18/22,7/19/22,KS,0,0,0,0,0,0,345,0,,2 red tick-like bugs
40,7/18/22,7/18/22,JT,0,0,0,0,0,0,376,2,4,
39,7/18/22,7/19/22,KS,60,44,0,6,0,0,387,0,4,Daphnia invasion
41,7/18/22,7/18/22,KS,0,0,0,0,0,0,408,0,,
44,7/18/22,7/19/22,KS,54,29,0,0,0,0,421,0,,Daphnia invasion
42,7/18/22,7/18/22,KS,24,0,0,0,0,0,524,0,,Daphnia invasion
12,7/20/22,7/21/22,KS,65,94,0,0,0,0,0,0,,
29,7/20/22,7/21/22,KS,111,92,0,15,0,0,0,0,,
8,7/20/22,7/21/22,KS,176,85,0,0,0,0,0,0,,
26,7/20/22,7/21/22,KS,52,114,0,6,0,0,0,0,,
9,7/20/22,7/21/22,KS,60,46,0,0,0,0,0,0,,18 dead Daphnia that look like they died recently
28,7/20/22,7/21/22,KS,62,111,0,8,0,0,0,0,,
58,7/20/22,7/20/22,DCS,287,50,0,10,5,0,0,0,,
7,7/20/22,7/20/22,DCS,229,45,0,0,0,0,0,0,,
3,7/20/22,7/20/22,KS,26,23,0,0,0,0,0,0,,
30,7/20/22,7/20/22,KS,5,0,0,0,0,0,0,0,,7 alona sp alive. Really low density
1,7/20/22,7/20/22,KS,24,14,0,0,0,0,0,0,,
21,7/20/22,7/20/22,KS,32,70,0,18,0,0,0,0,,1 dead insect larva
20,7/20/22,7/20/22,ATS,191,65,0,0,0,0,0,0,,
13,7/20/22,7/20/22,ATS,184,40,0,0,0,0,0,0,,
4,7/20/22,7/20/22,ATS,33,55,0,0,0,0,0,0,,
32,7/20/22,7/20/22,ATS,119,40,0,9,0,0,0,0,,
14,7/20/22,7/20/22,ATS,71,43,0,0,0,0,0,0,,
49,7/20/22,7/20/22,ATS,34,19,0,0,0,0,0,0,,
16,7/20/22,7/20/22,ATS,144,80,0,0,0,0,0,0,,
17,7/20/22,7/21/22,ATS,10,48,0,0,0,0,0,0,,
2,7/20/22,7/21/22,ATS,64,34,0,0,0,0,0,0,,
6,7/20/22,7/21/22,ATS,163,57,0,0,4,0,0,0,,
22,7/20/22,7/21/22,ATS,38,5,0,6,0,0,0,0,,
11,7/20/22,7/21/22,DCS,433,76,0,0,0,0,0,0,,
31,7/20/22,7/21/22,DCS,168,22,0,16,0,0,0,0,,
24,7/20/22,7/21/22,DCS,21,17,0,4,0,0,0,0,,
19,7/20/22,7/21/22,DCS,26,24,0,0,0,0,0,0,,
60,7/20/22,7/21/22,DCS,320,114,0,7,0,0,0,0,,
54,7/20/22,7/20/22,KS,38,40,0,2,0,0,0,0,,no cerio
27,7/20/22,7/20/22,KS,115,38,0,3,0,0,0,0,,super green
25,7/20/22,7/20/22,KS,211,171,0,3,12,0,0,0,,
10,7/20/22,7/20/22,KS,47,37,0,0,0,0,0,0,,
15,7/20/22,7/20/22,KS,40,64,0,0,0,0,0,0,,
5,7/20/22,7/20/22,KS,27,41,0,0,0,0,0,0,,
51,7/20/22,7/20/22,KS,22,47,0,0,0,0,0,0,,
18,7/20/22,7/21/22,DCS,65,26,0,0,0,0,1,0,,
56,7/20/22,7/20/22,KS,214,83,0,19,0,0,1,0,,
53,7/20/22,7/20/22,KS,91,46,0,14,0,0,1,0,,3 alona sp
23,7/20/22,7/20/22,DCS,170,51,0,8,0,0,2,0,,
55,7/20/22,7/20/22,KS,156,78,0,15,4,0,2,0,,
57,7/20/22,7/21/22,DCS,216,114,0,3,0,0,2,0,,
64,7/20/22,7/20/22,KS,199,170,0,30,0,0,2,0,,
50,7/20/22,7/21/22,ATS,262,72,0,0,0,0,4,0,,
43,7/20/22,7/20/22,KS,0,0,0,0,0,0,4,0,,lots of dead Cerio
52,7/20/22,7/21/22,KS,175,126,0,0,0,0,5,0,,
63,7/20/22,7/21/22,ATS,238,43,1,23,1,0,5,0,,
61,7/20/22,7/20/22,KS,443,160,0,27,0,0,6,0,,Bunch of rotifers - carotella?
62,7/20/22,7/20/22,KS,131,90,0,3,0,0,6,0,,Bunch of rotifers - carotella?
59,7/20/22,7/20/22,KS,167,115,1,1,15,0,9,0,,
34,7/20/22,7/21/22,KS,0,0,0,0,0,0,85,0,,3 dead insect larvae
35,7/20/22,7/21/22,KS,0,0,0,0,0,0,88,0,,
33,7/20/22,7/21/22,ATS,0,0,0,0,0,0,105,0,,
36,7/20/22,7/20/22,KS,0,0,0,0,0,0,143,0,,
48,7/20/22,7/20/22,DCS,2,0,0,0,0,0,149,1,4,
37,7/20/22,7/20/22,DCS,7,12,0,1,0,0,218,0,,
38,7/20/22,7/20/22,KS,0,0,0,0,0,0,294,1,,
39,7/20/22,7/21/22,DCS,67,14,0,2,0,0,325,1,,
45,7/20/22,7/21/22,DCS,0,0,0,0,0,0,347,4,1,
40,7/20/22,7/21/22,DCS,1,0,0,0,0,0,351,2,1,1 larva thing
41,7/20/22,7/20/22,KS,0,0,0,0,0,0,397,0,,
47,7/20/22,7/20/22,ATS,0,0,0,0,0,0,436,1,,
46,7/20/22,7/20/22,DCS,0,0,0,0,0,0,441,1,1,
44,7/20/22,7/20/22,DCS,65,27,0,0,0,0,548,0,,
42,7/20/22,7/20/22,KS,0,0,0,0,0,0,908,0,,
58,7/25/22,7/25/22,DCS,187,67,0,0,0,0,0,0,,
57,7/25/22,7/25/22,DCS,99,28,0,0,0,0,0,0,,
56,7/25/22,7/25/22,DCS,221,73,1,1,0,0,0,0,,
60,7/25/22,7/25/22,DCS,121,69,0,0,0,0,0,0,,
9,7/25/22,7/26/22,JT,61,72,0,0,0,0,0,0,,gunky
19,7/25/22,7/26/22,JT,46,53,1,16,0,0,0,0,,"maybe midge larvae, 5 dead"
28,7/25/22,7/26/22,JT,88,103,2,12,2,0,0,0,,dead worm
22,7/25/22,7/26/22,JT,40,41,1,5,2,0,0,0,,
18,7/25/22,7/26/22,JT,183,36,2,6,12,0,0,0,,
26,7/25/22,7/26/22,JT,117,82,1,1,6,0,0,0,,
6,7/25/22,7/26/22,EL,179,7,0,0,0,0,0,0,,dark eggs
31,7/25/22,7/26/22,EL,178,41,0,3,0,0,0,0,,
23,7/25/22,7/26/22,EL,143,35,0,2,0,0,0,0,,males present
29,7/25/22,7/26/22,EL,131,20,0,12,0,0,0,0,,
21,7/25/22,7/26/22,EL,127,37,0,12,0,0,0,0,,
32,7/25/22,7/26/22,EL,208,29,0,7,0,0,0,0,,
5,7/25/22,7/25/22,JT,111,41,0,0,0,0,0,0,,
17,7/25/22,7/25/22,JT,50,19,0,15,0,0,0,0,,dead bug body
30,7/25/22,7/25/22,JT,1,0,0,0,0,0,0,0,,1 alona and alona carcasses
11,7/25/22,7/25/22,JT,118,83,0,0,0,0,0,0,,very green
10,7/25/22,7/25/22,JT,85,83,0,0,0,0,0,0,,2 dead
16,7/25/22,7/25/22,JT,72,61,0,0,0,0,0,0,,dead bug
8,7/25/22,7/25/22,JT,183,115,0,0,0,0,0,0,,
12,7/25/22,7/25/22,JT,198,134,0,0,0,0,0,0,,
3,7/25/22,7/25/22,EL,138,49,0,0,0,0,0,0,,dark eggs
20,7/25/22,7/25/22,EL,208,27,2,27,0,0,0,0,,dark eggs
14,7/25/22,7/25/22,EL,73,52,0,0,0,0,0,0,,
2,7/25/22,7/25/22,EL,118,40,0,0,0,0,0,0,,dark eggs
7,7/25/22,7/25/22,EL,113,43,0,0,0,0,0,0,,dark eggs
15,7/25/22,7/25/22,EL,163,48,0,0,0,0,0,0,,
1,7/25/22,7/25/22,EL,41,27,0,0,0,0,0,0,,
24,7/25/22,7/25/22,KS,60,76,0,8,0,0,0,0,,
43,7/25/22,7/25/22,KS,0,0,0,0,0,0,0,0,,everything dead. Daphnia carcasses
54,7/25/22,7/25/22,KS,49,77,0,2,0,0,0,0,,Rotifers. No cerio
64,7/25/22,7/25/22,KS,198,207,0,0,0,0,0,0,,No cerio
13,7/25/22,7/25/22,KS,63,114,0,0,0,0,0,0,,
4,7/25/22,7/25/22,KS,48,90,0,0,0,0,0,0,,
55,7/25/22,7/25/22,DCS,82,17,0,1,0,0,1,0,,
62,7/25/22,7/25/22,DCS,214,57,0,1,0,0,1,0,,
25,7/25/22,7/25/22,JT,252,111,1,3,6,0,1,0,,
53,7/25/22,7/25/22,KS,97,95,0,3,0,0,1,0,,7 alona sp
50,7/25/22,7/25/22,KS,154,132,0,8,0,0,1,0,,
49,7/25/22,7/25/22,KS,85,53,0,11,2,1,1,0,,
51,7/25/22,7/26/22,DCS,84,34,0,7,0,0,4,0,,
52,7/25/22,7/25/22,KS,142,83,0,14,0,0,4,0,,
59,7/25/22,7/25/22,DCS,38,9,0,0,0,0,11,0,,
61,7/25/22,7/26/22,DCS,381,75,0,2,0,0,12,0,,
63,7/25/22,7/25/22,DCS,109,2,0,1,0,0,20,0,,
27,7/25/22,7/26/22,DCS,283,46,0,0,0,0,22,0,,teeming with water mold?
47,7/25/22,7/25/22,KS,0,0,0,0,0,0,73,0,,
35,7/25/22,7/25/22,KS,0,0,0,0,0,0,91,0,,
34,7/25/22,7/25/22,KS,0,0,0,0,0,0,168,0,,
48,7/25/22,7/25/22,KS,0,0,0,0,0,0,171,0,11,
36,7/25/22,7/25/22,KS,0,0,0,0,0,0,225,1,,
33,7/25/22,7/25/22,KS,0,0,0,0,0,0,296,2,,
45,7/25/22,7/25/22,KS,0,0,0,0,0,0,368,0,,needle like algae. cerio sized
37,7/25/22,7/26/22,DCS,29,18,0,0,0,0,476,0,,
38,7/25/22,7/25/22,KS,0,0,0,0,0,0,485,0,10,rotifers
40,7/25/22,7/26/22,DCS,0,0,0,0,0,0,565,0,14,
41,7/25/22,7/26/22,DCS,0,0,0,0,0,0,605,0,,
39,7/25/22,7/25/22,KS,99,23,0,0,40,0,664,0,,Daphnia invasion
44,7/25/22,7/25/22,KS,71,57,0,0,5,0,735,0,,Rotifers. Daphnia invasion
46,7/25/22,7/25/22,DCS,1,0,0,0,0,0,835,0,5,
42,7/25/22,7/25/22,KS,0,0,0,0,0,0,1021,0,,
22,7/28/22,7/28/22,KS,69,56,0,2,0,0,0,0,,
51,7/28/22,7/28/22,KS,146,102,0,9,1,0,0,0,,
58,7/28/22,7/28/22,KS,255,188,0,22,16,1,0,0,,
24,7/28/22,7/28/22,KS,65,58,0,1,0,0,0,0,,
12,7/28/22,7/28/22,KS,215,172,0,0,8,0,0,0,,
54,7/28/22,7/28/22,KS,30,90,0,1,5,0,0,0,2,rotifers/vorticella
23,7/28/22,7/28/22,KS,98,154,0,0,2,0,0,0,,
28,7/28/22,7/28/22,KS,87,62,1,81,0,0,0,0,,
11,7/28/22,7/28/22,KS,133,36,0,0,10,0,0,0,,
10,7/28/22,7/28/22,KS,216,111,0,0,1,0,0,0,,
43,7/28/22,7/28/22,DCS,0,0,0,0,0,0,0,0,,
26,7/28/22,7/28/22,DCS,28,46,0,0,0,0,0,0,,
27,7/28/22,7/28/22,DCS,82,12,0,13,0,0,0,0,,
25,7/28/22,7/28/22,DCS,172,35,0,4,0,0,0,0,,
8,7/28/22,7/28/22,DCS,127,77,0,0,0,0,0,0,,
14,7/28/22,7/28/22,DCS,140,31,0,0,0,0,0,0,,
6,7/28/22,7/28/22,DCS,209,55,0,0,0,0,0,0,,
5,7/28/22,7/28/22,DCS,114,28,0,0,0,0,0,0,,
7,7/28/22,7/28/22,DCS,128,36,0,0,0,0,0,0,,
32,7/28/22,7/28/22,DCS,221,32,0,2,0,0,0,0,,
30,7/28/22,7/28/22,DCS,1,0,0,0,0,0,0,0,,3 alona
9,7/28/22,7/28/22,DCS,40,27,0,0,0,0,0,0,,
56,7/28/22,7/28/22,DCS,164,39,0,0,0,0,0,1,,
15,7/28/22,7/28/22,DCS,167,46,0,0,0,0,0,0,,
31,7/28/22,7/28/22,DCS,113,53,0,0,0,0,0,0,,
29,7/28/22,7/29/22,DCS,143,24,0,2,0,0,0,0,,
1,7/28/22,7/29/22,DCS,51,32,0,0,0,0,0,0,,
19,7/28/22,7/29/22,DCS,80,61,0,10,0,0,0,0,,1 larvae thing
13,7/28/22,7/29/22,KS,63,180,0,0,0,0,0,0,,
16,7/28/22,7/29/22,KS,85,116,0,0,0,0,0,0,,
18,7/28/22,7/29/22,KS,95,174,0,13,0,0,0,0,,rotifers/vorticella
20,7/28/22,7/29/22,KS,175,167,0,13,0,0,0,0,,
17,7/28/22,7/29/22,KS,79,81,0,6,0,0,0,0,,
3,7/28/22,7/29/22,KS,123,91,0,0,0,0,0,0,,
4,7/28/22,7/29/22,KS,93,57,0,0,0,0,0,0,,
2,7/28/22,7/29/22,KS,74,44,0,0,0,0,0,0,,
50,7/28/22,7/28/22,KS,164,116,0,12,0,0,1,0,1,
53,7/28/22,7/28/22,DCS,90,19,0,0,0,0,1,0,,10 alona
60,7/28/22,7/28/22,DCS,66,12,0,2,0,0,1,0,,
21,7/28/22,7/28/22,DCS,105,35,0,0,0,0,1,0,,
64,7/28/22,7/28/22,KS,154,27,0,0,0,0,2,0,,
61,7/28/22,7/28/22,KS,177,210,0,0,0,0,2,0,,
55,7/28/22,7/28/22,DCS,47,11,0,0,0,0,2,0,,
49,7/28/22,7/29/22,DCS,113,42,0,9,0,0,2,0,,
52,7/28/22,7/29/22,KS,121,122,0,4,0,0,2,0,,may have forgotten to reset counter - subtract bucket 2 count from current count (121-122-0-4-2-0) if so
62,7/28/22,7/28/22,KS,124,258,0,0,3,0,4,0,,
57,7/28/22,7/28/22,DCS,91,24,0,2,0,0,4,0,,
63,7/28/22,7/28/22,KS,58,14,0,0,0,0,25,0,,
47,7/28/22,7/28/22,DCS,0,0,0,0,0,0,31,0,,
59,7/28/22,7/28/22,KS,7,29,0,10,0,0,54,0,,
35,7/28/22,7/29/22,DCS,0,0,0,0,0,0,97,2,,
36,7/28/22,7/28/22,KS,0,0,0,0,0,0,170,0,1,
34,7/28/22,7/28/22,KS,0,0,0,0,0,0,181,0,,
48,7/28/22,7/28/22,KS,0,0,0,0,0,0,282,0,39,vorticella on ephippia
44,7/28/22,7/28/22,DCS,264,26,6,26,0,0,291,0,,
33,7/28/22,7/29/22,DCS,0,0,0,0,0,0,298,0,1,
37,7/28/22,7/28/22,KS,6,15,0,0,4,0,408,0,2,Daphnia invasion
39,7/28/22,7/28/22,KS,111,33,0,0,13,0,434,0,4,
41,7/28/22,7/28/22,DCS,0,0,0,0,0,0,493,0,2,
38,7/28/22,7/28/22,KS,0,0,0,0,0,0,503,0,8,
45,7/28/22,7/28/22,KS,0,0,0,0,0,0,551,0,33,Needle like algae
42,7/28/22,7/28/22,DCS,0,0,0,0,0,0,687,0,,
46,7/28/22,7/28/22,DCS,0,0,0,0,0,0,757,0,13,
40,7/28/22,7/28/22,KS,0,0,0,0,0,0,769,0,23,1 dead spider
29,8/1/22,8/1/22,KS,31,29,0,0,0,0,0,0,,
31,8/1/22,8/1/22,KS,27,20,0,1,0,0,0,0,,10+ dead inf Daphnia
13,8/1/22,8/1/22,KS,51,49,0,0,0,0,0,0,,
17,8/1/22,8/1/22,KS,167,104,0,2,0,0,0,0,,
1,8/1/22,8/1/22,KS,77,52,0,0,1,0,0,0,,
18,8/1/22,8/1/22,KS,47,131,0,5,0,0,0,0,,
3,8/1/22,8/1/22,KS,128,55,0,0,1,0,0,0,1,
50,8/1/22,8/1/22,KS,185,243,0,7,0,0,0,0,2,red arachnid
49,8/1/22,8/1/22,KS,206,138,0,6,0,0,0,0,,
28,8/1/22,8/1/22,KS,137,111,3,24,0,0,0,0,,
27,8/1/22,8/1/22,KS,24,44,1,4,0,0,0,0,,very green
21,8/1/22,8/1/22,KS,58,7,0,0,0,0,0,0,,
32,8/1/22,8/1/22,KS,148,37,0,0,0,0,0,0,,
4,8/1/22,8/1/22,ATS,181,27,0,0,0,0,0,0,,
16,8/1/22,8/1/22,ATS,208,115,0,0,2,0,0,0,,
7,8/1/22,8/1/22,ATS,14,10,0,0,0,0,0,0,,
30,8/1/22,8/1/22,ATS,0,0,0,0,0,0,0,0,,
22,8/1/22,8/1/22,ATS,54,24,0,1,0,0,0,0,,
26,8/1/22,8/1/22,ATS,0,0,0,0,0,0,0,0,,
24,8/1/22,8/1/22,ATS,97,34,2,0,0,0,0,0,,
12,8/1/22,8/1/22,ATS,93,98,0,0,0,0,0,0,,
5,8/1/22,8/1/22,ATS,99,39,0,0,1,0,0,0,,
23,8/1/22,8/1/22,ATS,72,21,0,1,0,0,0,0,,
54,8/1/22,8/1/22,KS,93,60,0,15,0,0,0,0,,2 alona sp
58,8/1/22,8/1/22,KS,255,176,2,15,0,1,0,0,,
57,8/1/22,8/1/22,KS,19,22,0,24,0,0,0,0,,
60,8/1/22,8/1/22,KS,22,87,0,3,0,0,0,0,,
25,8/1/22,8/1/22,KS,57,135,1,6,0,0,0,0,,
8,8/1/22,8/1/22,KS,190,86,0,0,0,0,0,0,,
9,8/1/22,8/1/22,KS,23,11,0,0,0,0,0,0,,
2,8/1/22,8/1/22,KS,182,158,0,0,0,0,0,0,,
10,8/1/22,8/2/22,KS,26,25,0,0,0,0,0,0,,very very green
51,8/1/22,8/2/22,KS,91,112,0,3,0,0,0,0,,
61,8/1/22,8/2/22,KS,92,33,5,10,0,0,0,0,,
6,8/1/22,8/2/22,KS,89,65,0,0,0,0,0,0,,
19,8/1/22,8/2/22,KS,114,106,0,6,0,0,0,0,,
15,8/1/22,8/2/22,KS,92,61,0,0,0,0,0,0,,
11,8/1/22,8/2/22,KS,65,33,0,0,0,0,0,0,,
20,8/1/22,8/2/22,KS,260,346,0,4,0,0,0,0,,
14,8/1/22,8/2/22,KS,95,152,0,0,0,0,0,0,,
53,8/1/22,8/2/22,KS,29,74,0,0,0,0,0,0,,110 alona sp
56,8/1/22,8/1/22,KS,63,76,2,4,0,0,1,0,,
52,8/1/22,8/1/22,KS,161,69,0,1,0,0,4,0,,Lots of water mold. 1 larva thing
55,8/1/22,8/1/22,KS,23,37,0,5,0,0,4,0,,2 alona sp
62,8/1/22,8/1/22,KS,187,47,4,6,0,0,6,0,,
64,8/1/22,8/1/22,KS,23,2,0,0,0,0,9,0,,very green
43,8/1/22,8/1/22,ATS,1,0,0,0,0,0,31,0,1,
63,8/1/22,8/1/22,KS,6,25,0,5,0,0,32,2,2,
44,8/1/22,8/1/22,ATS,201,10,4,2,1,0,56,0,,
47,8/1/22,8/1/22,ATS,0,0,0,0,0,0,62,0,,
59,8/1/22,8/1/22,KS,54,32,0,3,0,0,107,0,,
39,8/1/22,8/1/22,ATS,100,6,6,21,15,1,123,2,3,
36,8/1/22,8/1/22,ATS,0,0,0,0,0,0,151,0,4,
34,8/1/22,8/1/22,ATS,2,0,0,0,0,0,199,0,,
41,8/1/22,8/1/22,ATS,0,0,0,0,0,0,277,0,,
45,8/1/22,8/1/22,KS,0,0,0,0,0,0,342,2,9,needle-like algae
42,8/1/22,8/1/22,ATS,0,0,0,0,0,0,350,0,,
35,8/1/22,8/1/22,ATS,0,0,0,0,0,0,365,0,,
38,8/1/22,8/1/22,ATS,0,0,0,0,0,0,373,7,,
37,8/1/22,8/1/22,ATS,28,12,0,20,0,1,413,18,2,
48,8/1/22,8/1/22,ATS,0,0,0,0,0,0,416,13,14,
40,8/1/22,8/1/22,ATS,1,0,1,0,0,0,421,10,,
33,8/1/22,8/1/22,KS,0,0,0,0,2,0,521,2,,
46,8/1/22,8/1/22,ATS,0,0,0,0,0,0,635,2,34,
43,8/4/22,8/4/22,KS,0,0,0,0,0,0,0,0,,0 zoops
58,8/4/22,8/4/22,KS,67,118,0,4,0,0,0,0,,
26,8/4/22,8/4/22,KS,0,0,0,0,0,0,0,0,,0 zoops
12,8/4/22,8/4/22,KS,45,52,0,0,0,0,0,0,,
24,8/4/22,8/4/22,KS,26,34,0,2,0,0,0,0,,
23,8/4/22,8/4/22,KS,10,7,0,0,0,0,0,0,,
9,8/4/22,8/4/22,KS,18,31,0,0,0,0,0,0,,
28,8/4/22,8/4/22,KS,18,66,0,12,0,0,0,0,,
25,8/4/22,8/4/22,KS,84,130,0,5,1,0,0,0,,
11,8/4/22,8/4/22,KS,58,54,0,0,0,0,0,0,,
10,8/4/22,8/4/22,KS,39,12,0,0,0,0,0,0,,
27,8/4/22,8/4/22,KS,11,46,0,0,0,0,0,0,,
6,8/4/22,8/4/22,KS,52,74,0,0,0,0,0,0,,
8,8/4/22,8/4/22,KS,163,93,0,0,0,0,0,0,,
56,8/4/22,8/4/22,KS,24,57,14,67,1,2,1,0,,
55,8/4/22,8/4/22,KS,21,40,0,5,0,0,2,0,,
57,8/4/22,8/4/22,KS,75,77,0,3,0,0,4,0,,
60,8/4/22,8/4/22,KS,7,41,0,0,0,0,4,0,,
59,8/4/22,8/4/22,KS,78,82,0,0,3,0,149,0,,
53,8/4/22,8/4/22,KS,5,44,0,11,0,0,1,0,,63 alona sp
54,8/4/22,8/4/22,KS,42,112,0,6,0,0,0,0,,
7,8/4/22,8/4/22,KS,62,89,0,0,0,0,0,0,,
38,8/4/22,8/4/22,KS,0,0,0,0,0,0,316,14,1,Needle-like algae - diatom?
32,8/4/22,8/4/22,KS,6,47,0,0,0,0,0,0,,
21,8/4/22,8/4/22,KS,22,74,0,3,0,0,0,0,,
62,8/4/22,8/4/22,KS,21,28,1,2,0,0,4,0,,
16,8/4/22,8/4/22,KS,240,287,0,0,0,0,0,0,1,
61,8/4/22,8/4/22,KS,27,11,3,4,0,0,0,0,,
2,8/4/22,8/4/22,KS,223,184,0,0,0,0,0,0,,
63,8/4/22,8/4/22,KS,6,5,0,31,0,0,68,4,,
29,8/4/22,8/4/22,KS,7,10,0,1,0,0,0,0,,
18,8/4/22,8/4/22,KS,70,197,1,2,0,0,0,0,,
52,8/4/22,8/4/22,KS,43,27,0,0,0,0,1,0,,
1,8/4/22,8/4/22,KS,62,32,0,0,0,0,0,0,,
64,8/4/22,8/4/22,KS,5,11,0,9,0,0,2,0,,
30,8/4/22,8/4/22,KS,0,0,0,0,0,0,0,0,,0 zoops
31,8/4/22,8/4/22,KS,22,4,0,1,0,0,0,0,,
22,8/4/22,8/4/22,KS,36,17,0,3,0,0,0,0,,
44,8/4/22,8/4/22,ATS,143,21,4,5,1,0,59,0,,
41,8/4/22,8/4/22,ATS,0,0,0,0,0,0,176,0,,
39,8/4/22,8/4/22,ATS,260,9,21,40,9,9,111,0,,
42,8/4/22,8/4/22,ATS,4,0,0,0,0,1,435,0,,
34,8/4/22,8/4/22,ATS,0,0,0,0,0,0,354,0,,
40,8/4/22,8/4/22,ATS,1,0,0,0,0,0,417,6,2,
48,8/4/22,8/4/22,ATS,0,0,0,0,0,0,490,3,13,
33,8/4/22,8/4/22,ATS,0,0,0,0,0,0,456,0,5,
36,8/4/22,8/4/22,ATS,0,0,0,0,0,0,216,0,1,
47,8/4/22,8/4/22,ATS,0,0,0,0,0,0,78,0,,
46,8/4/22,8/4/22,ATS,0,0,0,0,0,0,395,0,4,
35,8/4/22,8/4/22,ATS,0,0,0,0,0,0,213,0,,
45,8/4/22,8/4/22,ATS,0,0,0,0,0,0,222,3,9,
37,8/4/22,8/4/22,ATS,29,6,0,19,4,3,479,19,2,
5,8/4/22,8/4/22,ATS,83,34,0,0,0,0,0,0,,
4,8/4/22,8/4/22,ATS,146,42,1,0,0,0,0,0,,
13,8/4/22,8/4/22,ATS,25,6,0,0,0,0,0,0,,
15,8/4/22,8/4/22,ATS,53,23,0,0,0,0,0,0,,
3,8/4/22,8/4/22,ATS,236,36,0,0,0,0,0,0,,
20,8/4/22,8/5/22,KS,66,82,0,0,0,0,0,0,,
51,8/4/22,8/5/22,KS,144,102,0,2,0,0,0,0,,
19,8/4/22,8/5/22,KS,81,58,0,1,0,0,0,0,,
50,8/4/22,8/5/22,KS,144,153,0,0,0,0,0,0,,
14,8/4/22,8/5/22,KS,84,80,0,0,0,0,0,0,,
49,8/4/22,8/5/22,KS,160,122,0,2,0,0,0,0,,
17,8/4/22,8/5/22,KS,133,71,0,5,0,0,0,0,,
58,8/8/22,8/9/22,DCS,125,24,17,7,0,0,0,0,,
57,8/8/22,8/9/22,DCS,72,22,1,14,0,0,1,0,,water mold
60,8/8/22,8/9/22,DCS,104,57,0,6,0,0,0,0,,
42,8/8/22,8/9/22,DCS,0,0,0,0,0,0,568,0,,
36,8/8/22,8/9/22,DCS,0,0,0,0,0,0,254,2,4,
14,8/8/22,8/9/22,DCS,99,25,0,0,0,0,0,0,,
54,8/8/22,8/9/22,DCS,102,138,2,15,0,0,2,0,,
6,8/8/22,8/9/22,DCS,168,25,0,0,0,0,0,0,,
41,8/8/22,8/9/22,KS,0,0,0,0,0,0,281,0,,
9,8/8/22,8/9/22,KS,17,41,0,0,0,0,0,0,,
8,8/8/22,8/9/22,KS,185,36,0,0,0,0,0,0,,
53,8/8/22,8/9/22,KS,86,32,0,55,0,0,6,0,,30 alona sp
26,8/8/22,8/9/22,KS,0,0,0,0,0,0,0,0,,no zoops
23,8/8/22,8/9/22,KS,0,0,0,0,0,0,0,0,,no zoops
28,8/8/22,8/9/22,KS,6,25,0,41,0,0,0,0,,
37,8/8/22,8/9/22,KS,49,33,1,15,2,0,418,1,2,
5,8/8/22,8/9/22,KS,31,17,0,0,0,0,0,0,,
25,8/8/22,8/9/22,KS,112,63,0,11,0,0,0,0,,
12,8/8/22,8/9/22,KS,49,109,0,0,0,0,0,0,,
10,8/8/22,8/9/22,KS,68,29,0,0,0,0,0,0,,
38,8/8/22,8/9/22,KS,0,0,0,0,0,0,486,7,,
56,8/8/22,8/9/22,KS,15,22,34,67,0,0,0,0,,
7,8/8/22,8/9/22,KS,117,90,0,0,0,0,0,0,,
24,8/8/22,8/9/22,KS,34,23,3,3,0,0,0,0,,
55,8/8/22,8/9/22,KS,71,83,0,1,0,0,4,0,,
21,8/8/22,8/9/22,KS,52,49,0,10,0,0,0,0,,
43,8/8/22,8/8/22,ATS,0,0,0,0,0,0,5,0,,super low density
44,8/8/22,8/8/22,ATS,43,11,16,49,0,0,25,0,,
40,8/8/22,8/8/22,ATS,0,0,0,0,0,0,797,2,2,
39,8/8/22,8/8/22,ATS,100,1,0,5,0,1,53,4,,
33,8/8/22,8/8/22,ATS,0,0,0,0,0,0,720,0,3,
51,8/8/22,8/8/22,KS,94,89,0,0,0,0,0,0,,
16,8/8/22,8/8/22,KS,196,135,0,0,0,0,0,0,,
18,8/8/22,8/8/22,KS,100,139,0,0,0,0,0,0,,
61,8/8/22,8/8/22,KS,12,23,5,7,0,0,1,0,,
1,8/8/22,8/8/22,KS,65,36,0,0,0,0,0,0,,
2,8/8/22,8/8/22,KS,109,95,0,0,0,0,0,0,,water mold
30,8/8/22,8/8/22,KS,0,0,0,0,0,0,0,0,,no zoops
19,8/8/22,8/8/22,KS,43,30,0,0,0,0,0,0,,
35,8/8/22,8/8/22,KS,0,0,0,0,0,0,339,0,5,
46,8/8/22,8/8/22,KS,0,0,0,0,0,0,619,7,,
27,8/8/22,8/8/22,KS,65,40,0,19,0,0,0,0,,very green
11,8/8/22,8/8/22,KS,65,93,0,0,0,0,0,0,,
59,8/8/22,8/8/22,KS,84,50,0,3,0,0,28,0,,
22,8/8/22,8/8/22,KS,0,0,0,0,0,0,0,0,,no zoops
29,8/8/22,8/8/22,KS,0,8,0,2,0,0,0,0,,
31,8/8/22,8/8/22,KS,6,9,6,4,0,0,0,0,,
32,8/8/22,8/8/22,KS,5,23,1,23,0,0,0,0,,
47,8/8/22,8/8/22,KS,0,0,0,0,0,0,100,0,,
49,8/8/22,8/8/22,KS,142,137,0,0,0,0,1,0,,
63,8/8/22,8/8/22,KS,45,7,0,13,0,0,47,2,,
45,8/8/22,8/8/22,KS,0,0,0,0,0,0,190,2,1,
13,8/8/22,8/8/22,KS,6,26,0,0,0,0,0,0,,big algae
4,8/8/22,8/8/22,KS,125,76,0,0,0,0,0,0,,
17,8/8/22,8/8/22,KS,95,99,0,1,0,0,0,0,,
62,8/8/22,8/8/22,KS,1,7,10,15,0,0,1,0,,
20,8/8/22,8/8/22,KS,17,0,0,0,0,0,0,0,,
48,8/8/22,8/8/22,KS,0,0,0,0,0,0,368,0,,
64,8/8/22,8/8/22,KS,5,1,1,12,0,0,11,0,,
50,8/8/22,8/8/22,KS,115,76,0,0,0,0,0,0,,
34,8/8/22,8/8/22,KS,0,0,0,0,0,0,569,1,,3
52,8/8/22,8/8/22,KS,20,28,0,0,0,0,1,0,,
3,8/8/22,8/8/22,KS,135,144,0,0,0,0,0,0,,
15,8/8/22,8/8/22,KS,38,57,0,0,0,0,0,0,,
30,8/11/22,8/11/22,DCS,0,0,0,0,0,0,0,0,,
51,8/11/22,8/11/22,DCS,131,38,0,0,0,0,0,0,,1 midge thing
33,8/11/22,8/11/22,DCS,0,0,0,0,0,0,376,0,,
18,8/11/22,8/11/22,DCS,107,102,0,0,0,0,0,0,,
13,8/11/22,8/11/22,DCS,8,5,0,0,0,0,0,0,,
2,8/11/22,8/11/22,KS,172,159,0,0,1,0,0,0,,
50,8/11/22,8/11/22,KS,51,16,0,0,0,0,0,0,,
34,8/11/22,8/11/22,KS,0,0,0,0,0,0,712,0,,
17,8/11/22,8/11/22,KS,102,156,0,0,0,0,0,0,,
36,8/11/22,8/11/22,KS,0,0,0,0,0,0,206,4,,
20,8/11/22,8/11/22,KS,5,0,0,0,0,0,0,0,,
4,8/11/22,8/11/22,KS,58,51,0,0,0,0,0,0,,
45,8/11/22,8/11/22,KS,0,0,0,0,0,0,209,4,,
16,8/11/22,8/11/22,KS,65,90,0,0,0,0,0,0,,
52,8/11/22,8/11/22,KS,7,48,0,0,0,0,1,0,,
19,8/11/22,8/11/22,KS,39,56,0,0,0,0,0,0,,
49,8/11/22,8/11/22,KS,63,95,0,0,0,0,1,0,,
15,8/11/22,8/11/22,KS,144,66,0,0,0,0,0,0,,
47,8/11/22,8/11/22,KS,0,0,0,0,0,0,169,0,,
3,8/11/22,8/11/22,KS,216,248,0,0,0,0,0,0,,
64,8/11/22,8/11/22,KS,3,2,0,9,0,0,16,0,,
32,8/11/22,8/11/22,KS,4,16,0,13,0,0,0,0,,
35,8/11/22,8/11/22,KS,0,0,0,0,0,0,385,1,,
1,8/11/22,8/11/22,KS,164,146,0,0,0,0,0,0,,
61,8/11/22,8/11/22,KS,7,28,1,3,1,0,1,0,,
40,8/11/22,8/11/22,KS,0,0,0,0,0,0,516,4,7,
24,8/11/22,8/11/22,KS,0,4,0,9,0,0,0,0,,
59,8/11/22,8/11/22,KS,69,59,0,3,0,0,14,0,,
57,8/11/22,8/11/22,KS,59,87,1,31,0,0,1,0,,
21,8/11/22,8/11/22,KS,254,88,0,10,0,0,0,0,,
38,8/11/22,8/11/22,KS,0,0,0,0,0,0,300,2,,
11,8/11/22,8/11/22,KS,48,56,0,0,0,0,0,0,,
42,8/11/22,8/11/22,KS,0,0,0,0,0,0,648,0,,
60,8/11/22,8/11/22,KS,57,60,0,5,0,0,3,0,,
28,8/11/22,8/11/22,KS,23,29,0,5,0,0,0,0,,
39,8/11/22,8/11/22,KS,31,68,6,5,0,0,21,5,,
7,8/11/22,8/11/22,KS,71,59,0,0,0,0,0,0,,
9,8/11/22,8/11/22,KS,32,27,0,0,0,0,0,0,,
55,8/11/22,8/11/22,KS,83,81,0,2,0,0,4,0,,1 alona sp
22,8/11/22,8/11/22,KS,0,0,0,0,0,0,0,0,,No zoops
10,8/11/22,8/11/22,KS,45,26,0,0,0,0,0,0,,
46,8/11/22,8/11/22,KS,0,0,0,0,0,0,113,0,,
56,8/11/22,8/11/22,KS,14,50,5,78,0,0,0,0,,
48,8/11/22,8/11/22,KS,0,0,0,0,0,0,396,0,4,
29,8/11/22,8/11/22,KS,1,9,0,9,0,0,0,0,,
26,8/11/22,8/11/22,DCS,0,0,0,0,0,0,0,0,,
58,8/11/22,8/11/22,DCS,106,34,7,13,0,0,0,0,,
43,8/11/22,8/11/22,DCS,0,0,0,0,0,0,0,0,,
27,8/11/22,8/11/22,DCS,135,22,0,7,0,0,0,0,,
12,8/11/22,8/11/22,DCS,22,45,0,0,0,0,0,0,,
25,8/11/22,8/11/22,DCS,81,19,0,0,0,0,0,0,,
44,8/11/22,8/11/22,DCS,56,9,4,9,0,0,13,0,,
53,8/11/22,8/11/22,DCS,63,14,0,4,0,0,4,1,,15 alona sp
8,8/11/22,8/11/22,DCS,134,18,0,0,0,0,0,0,,
23,8/11/22,8/11/22,DCS,0,0,0,0,0,0,0,0,,
37,8/11/22,8/11/22,DCS,21,15,1,3,0,0,187,0,,
41,8/11/22,8/11/22,DCS,0,0,0,0,0,0,452,0,,
6,8/11/22,8/11/22,DCS,94,24,0,0,0,0,3,0,,
54,8/11/22,8/11/22,DCS,96,62,1,23,0,0,0,0,,
5,8/11/22,8/11/22,DCS,28,11,0,0,0,0,0,0,,
31,8/11/22,8/11/22,DCS,2,11,5,21,0,0,0,0,,
62,8/11/22,8/11/22,DCS,21,1,3,14,0,0,4,0,,
63,8/11/22,8/11/22,DCS,48,45,1,0,0,0,47,0,,
14,8/11/22,8/11/22,DCS,25,11,0,0,0,0,0,0,,
47,8/15/22,8/16/22,ATS,0,0,0,0,0,0,86,0,,
3,8/15/22,8/16/22,ATS,180,99,0,0,0,0,0,0,,
45,8/15/22,8/16/22,ATS,0,0,0,0,0,0,174,6,,
34,8/15/22,8/16/22,ATS,0,0,0,0,0,0,713,1,2,
44,8/15/22,8/16/22,ATS,9,22,0,16,0,0,26,0,,
43,8/15/22,8/16/22,ATS,0,1,0,0,0,0,3,0,,
33,8/15/22,8/16/22,ATS,0,0,0,0,0,0,780,2,5,
48,8/15/22,8/16/22,ATS,0,0,0,0,0,0,422,0,3,
38,8/15/22,8/16/22,ATS,0,0,0,0,0,0,302,0,,
41,8/15/22,8/16/22,ATS,0,0,0,0,0,0,525,0,,
24,8/15/22,8/16/22,KS,6,9,0,3,0,0,0,0,,
11,8/15/22,8/16/22,KS,15,9,0,0,1,0,0,0,,
61,8/15/22,8/16/22,KS,45,13,0,9,0,0,0,0,,
5,8/15/22,8/16/22,KS,20,16,0,0,0,0,0,0,,
31,8/15/22,8/16/22,KS,13,2,0,6,0,0,0,0,,
30,8/15/22,8/16/22,KS,0,0,0,0,0,0,0,0,,no zoops
52,8/15/22,8/16/22,KS,15,54,0,6,2,0,1,0,,
64,8/15/22,8/16/22,KS,15,14,0,14,0,0,35,0,,
25,8/15/22,8/16/22,KS,33,63,0,0,0,0,0,0,,
2,8/15/22,8/16/22,KS,117,122,0,0,0,0,0,0,,may not have cleared counter. 84-59 if not
6,8/15/22,8/16/22,KS,6,23,0,0,0,0,0,0,,
10,8/15/22,8/16/22,KS,38,28,0,0,0,0,0,0,,
39,8/15/22,8/16/22,KS,9,23,3,2,0,0,20,0,,
42,8/15/22,8/16/22,KS,0,0,0,0,0,0,834,0,,
37,8/15/22,8/16/22,KS,9,6,2,0,0,0,75,1,,
40,8/15/22,8/16/22,KS,0,0,0,0,0,0,344,1,1,
46,8/15/22,8/16/22,KS,0,0,0,0,0,0,123,4,,
22,8/15/22,8/16/22,KS,0,0,0,0,0,0,0,0,,no zoops
4,8/15/22,8/16/22,KS,126,61,0,0,0,0,0,0,,
9,8/15/22,8/16/22,KS,24,57,0,0,0,0,0,0,,
54,8/15/22,8/16/22,KS,22,58,0,0,0,0,0,0,,
19,8/15/22,8/16/22,KS,41,86,0,0,0,0,0,0,,
18,8/15/22,8/16/22,KS,94,15,0,0,0,0,0,0,,
17,8/15/22,8/16/22,KS,53,34,0,0,0,0,0,0,,
58,8/15/22,8/16/22,KS,29,37,1,11,0,0,0,0,,
28,8/15/22,8/16/22,KS,28,47,0,3,0,0,0,0,,
56,8/15/22,8/16/22,KS,10,41,5,23,0,0,0,0,,
26,8/15/22,8/16/22,KS,1,0,0,0,0,0,0,0,,
53,8/15/22,8/16/22,KS,31,43,0,0,0,0,21,0,,115 alona sp
55,8/15/22,8/16/22,KS,58,38,1,9,0,0,8,0,,
60,8/15/22,8/16/22,KS,85,80,0,10,0,0,2,0,,
27,8/15/22,8/16/22,KS,31,32,0,1,0,0,0,0,,
12,8/15/22,8/16/22,KS,57,73,0,0,0,0,0,0,,
21,8/15/22,8/16/22,KS,160,149,0,4,54,0,0,0,,
57,8/15/22,8/16/22,KS,17,104,1,15,0,2,10,0,,
59,8/15/22,8/16/22,KS,19,10,2,7,0,0,3,0,,
8,8/15/22,8/16/22,KS,36,23,0,0,0,0,0,0,,
29,8/15/22,8/15/22,KS,36,32,0,16,0,0,0,0,,
32,8/15/22,8/15/22,KS,24,37,0,1,0,0,0,0,,
16,8/15/22,8/15/22,KS,63,63,0,0,0,0,0,0,,
36,8/15/22,8/15/22,KS,0,0,0,0,0,0,274,0,1,
51,8/15/22,8/15/22,KS,34,60,0,1,0,0,0,0,,
62,8/15/22,8/15/22,KS,20,63,0,0,0,0,13,0,,
23,8/15/22,8/15/22,KS,0,0,0,0,0,0,0,0,,
20,8/15/22,8/15/22,KS,1,7,0,0,0,0,0,0,,
49,8/15/22,8/15/22,KS,71,148,0,9,0,0,4,0,,
35,8/15/22,8/15/22,KS,0,0,0,0,0,0,630,0,5,
50,8/15/22,8/15/22,KS,15,11,0,0,0,0,0,0,,weird algae. chihuly sun structure
7,8/15/22,8/15/22,KS,62,53,0,0,0,0,0,0,,
15,8/15/22,8/15/22,KS,115,26,0,0,0,0,0,0,,
13,8/15/22,8/15/22,KS,10,5,0,0,0,0,0,0,,
14,8/15/22,8/15/22,KS,19,34,0,0,0,0,0,0,,
63,8/15/22,8/15/22,KS,15,90,0,9,0,0,154,0,,
1,8/15/22,8/15/22,KS,114,99,0,0,1,0,0,0,3,
26,8/18/22,8/18/22,KS,0,0,0,0,0,0,0,0,,no zoops
59,8/18/22,8/18/22,KS,16,24,2,8,0,0,14,0,,
58,8/18/22,8/18/22,KS,27,62,0,21,0,0,0,0,,
54,8/18/22,8/18/22,KS,24,112,0,1,0,0,0,0,,
56,8/18/22,8/18/22,KS,14,45,0,6,0,0,1,0,,
57,8/18/22,8/18/22,KS,55,95,0,23,1,0,6,1,,
21,8/18/22,8/18/22,KS,125,115,0,0,26,0,0,0,,
53,8/18/22,8/18/22,KS,26,45,0,1,1,0,14,1,,112 alona sp
24,8/18/22,8/18/22,KS,38,36,0,5,0,0,0,0,,
9,8/18/22,8/18/22,KS,43,66,0,0,0,0,0,0,,
28,8/18/22,8/18/22,KS,63,40,0,5,0,0,0,0,,
6,8/18/22,8/18/22,KS,5,24,0,0,0,0,0,0,,
55,8/18/22,8/18/22,KS,22,31,0,11,0,0,3,0,,
8,8/18/22,8/18/22,KS,18,36,0,0,0,0,0,0,,
9,8/18/22,8/18/22,KS,72,176,0,0,0,0,0,0,,second sampling
25,8/18/22,8/18/22,KS,70,48,0,1,0,0,0,0,,
60,8/18/22,8/18/22,KS,101,125,0,25,0,0,2,0,,
22,8/18/22,8/18/22,KS,0,0,0,0,0,0,0,0,,no zoops
5,8/18/22,8/18/22,KS,16,21,0,0,0,0,0,0,,
7,8/18/22,8/18/22,KS,2,11,0,0,0,0,0,0,,
40,8/18/22,8/18/22,ATS,0,0,0,0,0,0,442,3,,
44,8/18/22,8/18/22,ATS,6,7,0,7,0,0,28,0,2,spilled but recovered
38,8/18/22,8/18/22,ATS,0,0,0,0,0,0,460,1,1,
12,8/18/22,8/18/22,ATS,50,48,0,0,0,0,0,0,,
41,8/18/22,8/18/22,ATS,1,0,0,0,0,0,411,0,,
37,8/18/22,8/18/22,ATS,17,11,0,2,0,0,48,0,1,
42,8/18/22,8/18/22,ATS,0,0,0,0,0,0,956,0,,
35,8/18/22,8/18/22,ATS,0,0,0,0,0,0,1137,2,2,
43,8/18/22,8/18/22,ATS,0,0,0,0,0,0,18,0,,
45,8/18/22,8/18/22,ATS,0,0,0,0,0,0,329,2,,
36,8/18/22,8/18/22,ATS,0,0,0,0,0,0,240,12,6,
39,8/18/22,8/18/22,ATS,14,23,1,16,0,0,50,3,2,
47,8/18/22,8/18/22,ATS,0,0,0,0,0,0,57,0,,
46,8/18/22,8/18/22,ATS,0,0,0,0,0,0,167,2,,
33,8/18/22,8/18/22,ATS,0,0,0,0,0,0,804,3,,
48,8/18/22,8/18/22,ATS,0,0,0,0,0,0,414,2,5,
34,8/18/22,8/18/22,ATS,0,0,0,0,0,0,661,2,4,
41,8/18/22,8/18/22,ATS,0,0,0,0,0,0,698,0,,second sampling
14,8/18/22,8/18/22,ATS,75,166,0,0,1,0,0,0,,
3,8/18/22,8/18/22,ATS,164,114,0,0,0,0,0,0,,
4,8/18/22,8/18/22,ATS,352,59,0,0,0,0,0,0,,
2,8/18/22,8/18/22,ATS,249,87,0,0,0,0,0,0,,
15,8/18/22,8/18/22,ATS,335,48,0,0,0,0,0,0,,
13,8/18/22,8/18/22,ATS,19,4,0,0,0,0,0,0,,
16,8/18/22,8/18/22,ATS,94,71,0,0,0,0,0,0,,
19,8/18/22,8/18/22,ATS,91,68,0,5,0,0,0,0,,
11,8/18/22,8/18/22,KS,19,40,0,0,0,0,0,0,,
61,8/18/22,8/18/22,KS,218,46,1,17,0,0,0,0,,
10,8/18/22,8/18/22,KS,35,33,0,0,1,0,0,0,,
27,8/18/22,8/18/22,KS,31,56,2,11,0,0,0,0,,
23,8/18/22,8/18/22,KS,2,2,0,1,0,0,0,0,,
49,8/18/22,8/18/22,KS,50,147,4,20,1,0,0,0,,
1,8/18/22,8/18/22,KS,185,126,0,0,0,0,0,0,,
51,8/18/22,8/18/22,KS,59,52,0,3,0,0,1,0,,
63,8/18/22,8/18/22,KS,53,58,1,25,0,0,216,4,,
30,8/18/22,8/18/22,KS,0,0,0,0,0,0,0,0,,1 alona sp. No zoops
31,8/18/22,8/18/22,KS,26,43,0,8,0,0,0,0,,
29,8/18/22,8/18/22,KS,34,49,0,4,0,0,0,0,,
62,8/18/22,8/18/22,KS,126,141,0,2,0,0,51,0,,
20,8/18/22,8/18/22,KS,0,12,0,7,0,0,0,0,,
50,8/18/22,8/18/22,KS,11,13,6,10,0,0,0,0,,Chihuly algae
52,8/18/22,8/18/22,KS,11,43,0,17,2,0,1,0,,
18,8/18/22,8/18/22,KS,198,12,0,0,0,0,0,0,,Chihuly algae
64,8/18/22,8/18/22,KS,31,53,0,12,0,0,114,1,,
32,8/18/22,8/18/22,KS,114,120,0,1,0,0,0,0,,
17,8/18/22,8/18/22,KS,33,64,0,0,0,0,0,0,,
59,8/22/22,8/22/22,KS,34,20,0,6,0,0,11,0,,
8,8/22/22,8/22/22,KS,22,56,0,0,0,0,0,0,,
18,8/22/22,8/22/22,KS,29,26,0,0,1,0,0,0,,
27,8/22/22,8/22/22,KS,79,73,0,11,0,0,0,0,,
7,8/22/22,8/22/22,KS,3,8,0,0,0,0,0,0,,
9,8/22/22,8/22/22,KS,35,55,0,0,0,0,0,0,,
28,8/22/22,8/22/22,KS,81,34,1,5,0,0,0,0,,
38,8/22/22,8/22/22,KS,6,0,0,0,0,0,788,4,,
22,8/22/22,8/22/22,KS,0,0,0,0,0,0,0,0,,
23,8/22/22,8/22/22,KS,1,0,0,0,0,0,0,0,,
24,8/22/22,8/22/22,KS,92,127,0,2,0,0,0,0,,
10,8/22/22,8/22/22,KS,85,92,0,0,0,0,0,0,,
12,8/22/22,8/22/22,KS,44,83,0,0,2,0,0,0,,
53,8/22/22,8/22/22,KS,46,35,0,9,0,0,15,0,,10+ inf Alona sp; 100+ Alona sp
25,8/22/22,8/22/22,KS,82,61,0,0,0,0,0,0,,
57,8/22/22,8/22/22,KS,110,169,2,22,1,1,5,0,,Alive chironomid larva
21,8/22/22,8/22/22,KS,125,11,0,0,0,0,0,0,,
5,8/22/22,8/22/22,RR,103,71,0,0,0,0,0,0,,Robbie counted
24,8/22/22,8/22/22,KS,6,11,0,25,0,0,1,0,,3 alona sp
55,8/22/22,8/22/22,KS,5,35,0,4,0,0,36,0,,
26,8/22/22,8/22/22,KS,0,0,0,0,0,0,0,0,,
6,8/22/22,8/22/22,KS,4,17,0,0,0,0,0,0,,
50,8/22/22,8/22/22,KS,5,23,0,8,0,0,1,0,,
60,8/22/22,8/22/22,KS,118,135,3,86,0,0,0,0,,
15,8/22/22,8/22/22,KS,63,82,0,0,0,0,0,0,,
4,8/22/22,8/22/22,KS,118,78,0,0,0,0,0,0,,
56,8/22/22,8/22/22,KS,85,98,1,21,0,0,1,0,,
58,8/22/22,8/22/22,KS,14,27,1,14,0,0,0,0,,
29,8/22/22,8/22/22,KS,27,34,0,0,0,0,0,0,,
32,8/22/22,8/22/22,KS,222,182,0,0,0,0,0,0,,
31,8/22/22,8/22/22,KS,23,54,0,1,0,0,0,0,,
52,8/22/22,8/22/22,KS,23,22,0,13,0,0,5,0,,
62,8/22/22,8/22/22,KS,120,76,0,4,0,0,28,0,,
30,8/22/22,8/22/22,KS,1,0,0,0,0,0,0,0,,
20,8/22/22,8/22/22,KS,4,2,0,2,0,0,0,0,,
63,8/22/22,8/22/22,KS,106,101,0,28,0,0,390,4,,
16,8/22/22,8/22/22,KS,30,123,0,0,0,0,0,0,,
3,8/22/22,8/22/22,KS,16,19,0,0,0,0,0,0,,
17,8/22/22,8/22/22,KS,34,82,0,2,0,0,0,0,,
14,8/22/22,8/22/22,KS,81,78,0,0,0,0,0,0,,
2,8/22/22,8/22/22,KS,56,89,0,0,1,0,0,0,,
19,8/22/22,8/22/22,KS,53,34,0,9,0,0,0,0,,
61,8/22/22,8/22/22,KS,73,113,0,4,0,0,0,0,,
64,8/22/22,8/22/22,KS,8,11,0,0,0,0,58,0,,
49,8/22/22,8/22/22,KS,24,57,0,22,0,0,0,0,,
13,8/22/22,8/22/22,KS,14,4,0,0,0,0,0,0,,
51,8/22/22,8/22/22,KS,26,34,0,0,0,0,0,0,,
1,8/22/22,8/22/22,KS,167,118,0,0,0,0,0,0,,
47,8/22/22,8/22/22,ATS,0,0,0,0,0,0,104,0,,
33,8/22/22,8/22/22,ATS,0,0,0,0,0,0,706,2,,
36,8/22/22,8/22/22,ATS,0,0,0,0,0,0,160,4,,
46,8/22/22,8/22/22,ATS,0,0,0,0,0,0,136,1,,
35,8/22/22,8/22/22,ATS,0,0,0,0,0,0,441,2,3,
48,8/22/22,8/22/22,ATS,0,0,0,0,0,0,416,0,2,
45,8/22/22,8/22/22,ATS,0,0,0,0,0,0,324,0,2,
34,8/22/22,8/22/22,ATS,0,0,0,0,0,0,589,1,1,
11,8/22/22,8/22/22,ATS,26,44,0,0,0,0,0,0,,
37,8/22/22,8/22/22,ATS,25,75,4,12,0,0,93,3,,
43,8/22/22,8/22/22,ATS,0,0,0,0,0,0,3,0,,
41,8/22/22,8/22/22,ATS,1,0,0,0,0,0,214,0,,
42,8/22/22,8/22/22,ATS,0,0,0,0,0,0,493,0,,
44,8/22/22,8/22/22,ATS,103,56,0,2,0,0,85,0,,
39,8/22/22,8/22/22,ATS,42,51,0,12,0,0,99,3,,
40,8/22/22,8/22/22,ATS,1,0,0,1,0,0,922,1,,