tube,species,mean_temp,temp_var,temp_id,resource,male,removed,KBP,missing,mortality_day,lifespan,end_data_date,length_RAW,length_mag_correction,lm_corr_factor,inf,spore_RAW,spore_water_added,notes
1,daphnia,20,2,2V,1,,,,,4/19/22,14,,85,,,1,159,0,
2,daphnia,20,2,2V,1,,,,,4/20/22,15,,92,,,1,281,0,
3,daphnia,20,2,2V,1,,,,,4/23/22,18,,82,,,1,99,1,
4,daphnia,20,2,2V,1,,1,,,NA,NA,5/18/22,81,1,-2,0,NA,,
5,daphnia,20,2,2V,1,,,,,4/26/22,21,,83,,,1,80,1,
6,daphnia,20,2,2V,1,,,,,4/22/22,17,,90,,,1,165,1,
7,daphnia,20,2,2V,1,,,,,4/20/22,15,,87,,,1,218,0,
8,daphnia,20,2,2V,1,,,,,4/20/22,15,,80,,,1,192,0,
9,daphnia,20,2,2V,1,,,,1,NA,NA,4/11/22,NA,,,NA,NA,,
10,daphnia,20,2,2V,1,,,,,4/29/22,24,,NA,,,0,0,,
11,daphnia,20,2,2V,1,,,,,4/22/22,17,,82,,,1,112,1,
12,daphnia,20,2,2V,1,,,,,4/22/22,17,,82,,,1,87,1,
13,daphnia,20,2,2V,1,,,,,4/20/22,15,,NA,,,1,81,0,
14,daphnia,20,2,2V,1,,,,,4/29/22,24,,NA,,,1,97,1,
15,daphnia,20,2,2V,1,,,,,4/23/22,18,,79,,,1,104,1,
16,daphnia,20,2,2V,1,,,,,4/20/22,15,,69,,,1,211,0,
17,daphnia,20,2,2V,1,,1,,,NA,NA,5/18/22,82,1,-2,0,NA,,
18,daphnia,20,2,2V,1,,,,,4/23/22,18,,84,,,1,88,1,
19,daphnia,20,2,2V,1,,,,,4/10/22,5,,52,,,NA,NA,,
20,daphnia,20,2,2V,1,,,,,4/25/22,20,,97,,,1,152,1,
21,daphnia,20,2,2V,1,,,,,4/22/22,17,,82,,,1,170,1,
22,daphnia,20,2,2V,1,,,,,4/23/22,18,,82,,,1,88,1,
23,daphnia,20,2,2V,1,,,,,4/22/22,17,,76,,,1,109,1,
24,daphnia,20,2,2V,1,,,,,5/3/22,28,,100,,,0,0,1,
25,daphnia,20,2,2V,1,,,,,4/25/22,20,,89,,,1,112,1,
26,daphnia,20,2,2V,1,,,,,4/22/22,17,,87,,,0,0,1,
27,daphnia,20,2,2V,1,,1,,,NA,NA,5/18/22,81,1,-2,0,NA,,
28,daphnia,20,2,2V,1,,,,,4/20/22,15,,83,,,1,218,0,
29,daphnia,20,2,2V,1,,,,,4/23/22,18,,83,,,1,140,1,
30,daphnia,20,2,2V,1,,,,,4/23/22,18,,86,,,1,322,0,
31,daphnia,20,2,2V,1,,,,,4/11/22,6,,NA,,,0,NA,,
32,daphnia,20,2,2V,1,,,,,4/25/22,20,,NA,,,1,88,1,
33,daphnia,20,2,2V,1,,,,,4/24/22,19,,93,,,1,117,1,
34,daphnia,20,2,2V,1,,,,1,NA,NA,4/12/22,NA,,,NA,NA,,
35,daphnia,20,2,2V,1,,,,,4/25/22,20,,92,,,1,101,1,
36,daphnia,20,2,2V,1,,,,,5/23/22,48,,94,1,-1,0,NA,,
37,daphnia,20,2,2V,1,,1,,,NA,NA,5/23/22,84,1,-2,0,NA,,
38,daphnia,20,2,2V,1,,1,,,NA,NA,5/23/22,85,1,-2,0,NA,,
39,daphnia,20,2,2V,1,1,,,,4/30/22,25,,61,,,0,NA,,
40,daphnia,20,2,2V,1,,,,,5/21/22,46,,96,1,-1,0,NA,,
41,daphnia,20,2,2V,1,,1,,,NA,NA,5/23/22,84,1,-2,0,NA,,
42,daphnia,20,2,2V,1,,,,,5/22/22,47,,79,1,-2,0,NA,,
43,daphnia,20,2,2V,1,,,,,5/21/22,46,,83,1,-2,0,NA,,
44,daphnia,20,2,2V,1,,,,,5/8/22,33,,95,1,-1,0,NA,,
45,daphnia,20,2,2V,1,,,,,5/20/22,45,,NA,,,0,NA,,
46,daphnia,20,2,2V,1,,,,,5/21/22,46,,84,1,-2,0,NA,,
47,daphnia,20,2,2V,1,,1,,,NA,NA,5/23/22,83,1,-2,0,NA,,
48,daphnia,20,2,2V,1,,1,,,NA,NA,5/23/22,98,1,-1,0,NA,,
49,daphnia,20,2,2V,1,,1,,,NA,NA,5/23/22,86,1,-2,0,NA,,
50,daphnia,20,2,2V,1,1,,,,NA,NA,5/1/22,66,,,0,NA,,
51,daphnia,20,6,6V,1,,,,,4/22/22,17,,85,,,1,108,1,
52,daphnia,20,6,6V,1,,,,,5/13/22,38,,95,,,0,NA,,
53,daphnia,20,6,6V,1,,,,,4/30/22,25,,88,,,1,243,1,
54,daphnia,20,6,6V,1,,1,,,NA,NA,5/18/22,84,1,-2,0,NA,,
55,daphnia,20,6,6V,1,,,,,4/30/22,25,,89,,,1,131,1,
56,daphnia,20,6,6V,1,,,,,4/30/22,25,,90,,,1,152,1,
57,daphnia,20,6,6V,1,,,,,4/29/22,24,,90,,,1,170,1,
58,daphnia,20,6,6V,1,,,,,4/26/22,21,,90,,,1,102,1,
59,daphnia,20,6,6V,1,,,,,4/30/22,25,,93,,,1,167,1,
60,daphnia,20,6,6V,1,,,,,4/29/22,24,,89,,,1,197,1,
61,daphnia,20,6,6V,1,,,,,4/22/22,17,,83,,,1,122,1,
62,daphnia,20,6,6V,1,,,,,5/3/22,28,,89,,,1,203,1,
63,daphnia,20,6,6V,1,,,,,4/25/22,20,,85,,,1,115,1,
64,daphnia,20,6,6V,1,,,,,4/27/22,22,,96,,,1,113,1,
65,daphnia,20,6,6V,1,,,,,4/29/22,24,,90,,,1,146,1,
66,daphnia,20,6,6V,1,,,,1,NA,NA,4/12/22,NA,,,NA,NA,,
67,daphnia,20,6,6V,1,,,,,4/26/22,21,,87,,,1,126,1,
68,daphnia,20,6,6V,1,,,,,4/24/22,19,,88,,,1,71,1,
69,daphnia,20,6,6V,1,,,,,4/30/22,25,,93,,,1,204,1,
70,daphnia,20,6,6V,1,,,,,5/10/22,35,,95,1,-1,0,0,1,
71,daphnia,20,6,6V,1,,,,,4/29/22,24,,93,,,1,139,1,
72,daphnia,20,6,6V,1,,,,,4/28/22,23,,NA,,,1,54,1,
73,daphnia,20,6,6V,1,,,,,4/25/22,20,,83,,,1,102,1,
74,daphnia,20,6,6V,1,,1,,,NA,NA,5/18/22,94,1,-1,0,NA,,
75,daphnia,20,6,6V,1,,,,,5/1/22,26,,92,,,1,188,1,
76,daphnia,20,6,6V,1,,,,,4/28/22,23,,94,,,1,194,1,
77,daphnia,20,6,6V,1,,,,1,NA,NA,4/25/22,NA,,,NA,NA,,
78,daphnia,20,6,6V,1,,,,,5/4/22,29,,90,,,1,182,1,
79,daphnia,20,6,6V,1,,1,,,NA,NA,5/18/22,89,1,-1,0,NA,,
80,daphnia,20,6,6V,1,1,,,,NA,NA,4/30/22,60,,,0,NA,,
81,daphnia,20,6,6V,1,,,,,4/21/22,16,,87,,,1,197,0,
82,daphnia,20,6,6V,1,,1,,,NA,NA,5/18/22,82,1,-1,0,NA,,
83,daphnia,20,6,6V,1,,,,,4/25/22,20,,89,,,1,92,1,
84,daphnia,20,6,6V,1,,,,,4/25/22,20,,87,,,1,79,1,
85,daphnia,20,6,6V,1,,,,,4/28/22,23,,88,,,1,142,1,
86,daphnia,20,6,6V,1,,1,,,NA,NA,5/18/22,87,1,-2,0,NA,,
87,daphnia,20,6,6V,1,,,,,5/23/22,48,,84,1,-2,0,NA,,
88,daphnia,20,6,6V,1,,,,,5/23/22,48,,84,1,-2,0,NA,,
89,daphnia,20,6,6V,1,,1,,,NA,NA,5/23/22,100,1,-1,0,NA,,
90,daphnia,20,6,6V,1,,,,,5/22/22,47,,95,1,-1,0,NA,,
91,daphnia,20,6,6V,1,,1,,,NA,NA,5/23/22,86,1,-2,0,NA,,
92,daphnia,20,6,6V,1,,1,,,NA,NA,5/23/22,100,1,-1,0,NA,,
93,daphnia,20,6,6V,1,,,,,5/23/22,48,,84,1,-2,0,NA,,
94,daphnia,20,6,6V,1,,,,,5/20/22,45,,83,1,-2,0,NA,,
95,daphnia,20,6,6V,1,,1,,,NA,NA,5/23/22,79,1,-2,0,NA,,
96,daphnia,20,6,6V,1,1,1,,,NA,NA,4/30/22,64,,,0,NA,,
97,daphnia,20,6,6V,1,,1,,,NA,NA,5/23/22,88,1,-2,0,NA,,
98,daphnia,20,6,6V,1,,,,,5/22/22,47,,80,1,-2,0,NA,,
99,daphnia,20,6,6V,1,,,,,5/22/22,47,,86,1,-2,0,NA,,
100,daphnia,20,6,6V,1,,1,,,NA,NA,5/23/22,81,1,-2,0,NA,,
101,daphnia,20,14,14V,1,,,,,5/1/22,26,,85,,,1,190,1,
102,daphnia,20,14,14V,1,,,,,4/30/22,25,,92,,,1,175,1,
103,daphnia,20,14,14V,1,,,,,4/27/22,22,,NA,,,1,55,1,SPORE YIELD LOW. JUST HEAD GROUND
104,daphnia,20,14,14V,1,,,,1,NA,NA,4/10/22,NA,,,NA,NA,,
105,daphnia,20,14,14V,1,,1,,,NA,NA,5/18/22,99,1,-1,0,NA,,
106,daphnia,20,14,14V,1,,,,,4/22/22,17,,89,,,1,134,1,
107,daphnia,20,14,14V,1,,,,,4/29/22,24,,NA,,,1,142,1,
108,daphnia,20,14,14V,1,,,,,4/24/22,19,,85,,,1,49,1,
109,daphnia,20,14,14V,1,,,,,4/24/22,19,,92,,,1,68,1,
110,daphnia,20,14,14V,1,1,,,,4/24/22,19,,NA,,,1,NA,,
111,daphnia,20,14,14V,1,,1,,,NA,NA,5/18/22,83,1,-2,0,NA,,
112,daphnia,20,14,14V,1,,,,,4/24/22,19,,NA,,,1,NA,,Spore yield unreliable
113,daphnia,20,14,14V,1,,,,,4/24/22,19,,92,,,1,NA,,
114,daphnia,20,14,14V,1,,,,,4/19/22,14,,87,,,1,213,1,
115,daphnia,20,14,14V,1,,1,,,NA,NA,5/18/22,84,1,-2,0,NA,,
116,daphnia,20,14,14V,1,,,,,4/27/22,22,,90,,,1,131,1,
117,daphnia,20,14,14V,1,,,,,4/26/22,21,,83,,,1,67,1,
118,daphnia,20,14,14V,1,,,,,4/27/22,22,,86,,,1,110,1,
119,daphnia,20,14,14V,1,,,,,4/26/22,21,,86,,,1,98,1,
120,daphnia,20,14,14V,1,,,,,4/30/22,25,,88,,,1,139,1,
121,daphnia,20,14,14V,1,,,,,4/23/22,18,,75,,,1,69,1,
122,daphnia,20,14,14V,1,,,,,4/24/22,19,,80,,,1,77,1,
123,daphnia,20,14,14V,1,1,,,,4/25/22,20,,61,,,1,27,1,
124,daphnia,20,14,14V,1,,,,,4/29/22,24,,96,,,1,188,1,
125,daphnia,20,14,14V,1,,,,,4/26/22,21,,87,,,1,115,1,
126,daphnia,20,14,14V,1,,,,,4/22/22,17,,70,,,1,87,1,
127,daphnia,20,14,14V,1,,,,,4/30/22,25,,91,,,1,202,1,
128,daphnia,20,14,14V,1,1,,,,4/21/22,16,,60,,,1,39,1,
129,daphnia,20,14,14V,1,,,,,5/3/22,28,,90,,,1,200,1,
130,daphnia,20,14,14V,1,,,,,4/22/22,17,,82,,,1,86,1,
131,daphnia,20,14,14V,1,,,,,4/25/22,20,,79,,,1,80,1,
132,daphnia,20,14,14V,1,,,,,4/24/22,19,,86,,,1,111,1,
133,daphnia,20,14,14V,1,,,,,4/23/22,18,,82,,,1,79,1,
134,daphnia,20,14,14V,1,,,,,4/24/22,19,,87,,,1,23,1,
135,daphnia,20,14,14V,1,,,,,5/15/22,40,,81,1,-2,0,NA,,
136,daphnia,20,14,14V,1,,,1,,NA,NA,5/7/22,100,1,1,0,NA,,
137,daphnia,20,14,14V,1,,,,,5/23/22,48,,79,1,-2,0,NA,,
138,daphnia,20,14,14V,1,,,,,5/23/22,48,,87,1,-2,0,NA,,
139,daphnia,20,14,14V,1,,1,,,NA,NA,5/23/22,83,1,-2,0,NA,,
140,daphnia,20,14,14V,1,,1,,,NA,NA,5/23/22,81,,,0,NA,,
141,daphnia,20,14,14V,1,,,,,5/17/22,42,,NA,,,0,NA,,
142,daphnia,20,14,14V,1,1,1,,,NA,NA,4/30/22,58,,,0,NA,,
143,daphnia,20,14,14V,1,,,,1,NA,NA,5/2/22,NA,,,NA,NA,,
144,daphnia,20,14,14V,1,,1,,,NA,NA,5/23/22,88,1,-2,0,NA,,
145,daphnia,20,14,14V,1,1,1,,,NA,NA,5/1/22,62,,,0,NA,,
146,daphnia,20,14,14V,1,,,,,5/20/22,45,,98,1,-1,0,NA,,
147,daphnia,20,14,14V,1,1,1,,,NA,NA,4/30/22,62,,,0,NA,,
148,daphnia,20,14,14V,1,,1,,,NA,NA,5/23/22,81,1,-2,0,NA,,
149,daphnia,20,14,14V,1,,,,,4/27/22,22,,100,,,0,NA,,
150,daphnia,20,14,14V,1,,,,,5/22/22,47,,88,1,-2,0,NA,,
151,daphnia,15,0,15,0.1,,1,,,NA,NA,5/23/22,82,,,0,NA,,
152,daphnia,15,0,15,0.1,,1,,,NA,NA,5/23/22,84,,,0,NA,,
153,daphnia,15,0,15,0.1,,,,,5/21/22,46,,91,,,0,NA,,
154,daphnia,15,0,15,0.1,,,,1,NA,NA,5/13/22,NA,,,NA,NA,,
155,daphnia,15,0,15,0.1,,1,,,NA,NA,5/23/22,91,,,0,NA,,
156,daphnia,15,0,15,0.1,,1,,,NA,NA,5/23/22,84,,,0,NA,,
157,daphnia,15,0,15,0.1,,1,,,NA,NA,5/23/22,90,,,0,NA,,
158,daphnia,15,0,15,0.1,,,,,5/23/22,48,,NA,,,0,NA,,
159,daphnia,15,0,15,0.1,,,,,4/15/22,10,,35,,,NA,NA,,
160,daphnia,15,0,15,0.1,,,,1,NA,NA,4/14/22,NA,,,NA,NA,,
161,daphnia,15,0,15,0.1,,1,,,NA,NA,5/23/22,84,,,0,NA,,
162,daphnia,15,0,15,0.1,,,,,4/16/22,11,,46,,,NA,NA,,
163,daphnia,15,0,15,0.1,,,,,4/12/22,7,,40,,,NA,NA,,
164,daphnia,15,0,15,0.1,,,,,5/23/22,48,,81,,,0,NA,,
165,daphnia,15,0,15,0.1,,,,,5/23/22,48,,78,,,0,NA,,
166,daphnia,15,0,15,0.1,,,,,5/21/22,46,,79,,,1,104,1,
167,daphnia,15,0,15,0.1,,,,,4/14/22,9,,44,,,NA,NA,,
168,daphnia,15,0,15,0.1,,,,,4/14/22,9,,42,,,NA,NA,,
169,daphnia,15,0,15,0.1,,,1,,NA,NA,4/11/22,NA,,,NA,NA,,
170,daphnia,15,0,15,0.1,,1,,,NA,NA,5/18/22,90,,,0,NA,,
171,daphnia,15,0,15,0.1,,1,,,NA,NA,5/18/22,86,,,0,NA,,
172,daphnia,15,0,15,0.1,,,,,4/12/22,7,,33,,,NA,NA,,
173,daphnia,15,0,15,0.1,,,,,4/15/22,10,,48,,,NA,NA,,
174,daphnia,15,0,15,0.1,1,1,,,NA,NA,5/5/22,57,,,0,NA,,
175,daphnia,15,0,15,0.1,,,,,4/14/22,9,,46,,,NA,NA,,
176,daphnia,15,0,15,0.1,,1,,,NA,NA,5/18/22,84,,,0,NA,,
177,daphnia,15,0,15,0.1,,1,,,NA,NA,5/18/22,85,,,0,NA,,
178,daphnia,15,0,15,0.1,,1,,,NA,NA,5/18/22,90,,,0,NA,,
179,daphnia,15,0,15,0.1,,1,,,NA,NA,5/18/22,83,,,0,NA,,
180,daphnia,15,0,15,0.1,,1,,,NA,NA,5/18/22,82,,,0,NA,,
181,daphnia,15,0,15,0.1,,,,,4/13/22,8,,50,,,NA,NA,,
182,daphnia,15,0,15,0.1,,,,,4/13/22,8,,51,,,NA,NA,,
183,daphnia,15,0,15,0.1,,1,,,NA,NA,5/18/22,91,,,0,NA,,
184,daphnia,15,0,15,0.1,,1,,,NA,NA,5/18/22,81,,,0,NA,,
185,daphnia,15,0,15,0.1,,,,,4/13/22,8,,40,,,NA,NA,,
186,daphnia,15,0,15,0.1,,,,,4/14/22,9,,44,,,NA,NA,,
187,daphnia,15,0,15,0.1,,,,,4/17/22,12,,56,,,NA,NA,,
188,daphnia,15,0,15,0.1,,,,,4/13/22,8,,40,,,NA,NA,,
189,daphnia,15,0,15,0.1,,1,,,NA,NA,5/18/22,90,,,0,NA,,
190,daphnia,15,0,15,0.1,,1,,,NA,NA,5/18/22,84,,,0,NA,,
191,daphnia,15,0,15,0.1,,,,,4/14/22,9,,45,,,NA,NA,,
192,daphnia,15,0,15,0.1,,,,1,NA,NA,4/13/22,NA,,,NA,NA,,
193,daphnia,15,0,15,0.1,,1,,,NA,NA,5/18/22,83,,,0,NA,,
194,daphnia,15,0,15,0.1,,,,,4/14/22,9,,43,,,NA,NA,,
195,daphnia,15,0,15,0.1,,1,,,NA,NA,5/18/22,86,,,0,NA,,
196,daphnia,15,0,15,0.1,,1,,,NA,NA,5/18/22,84,,,0,NA,,
197,daphnia,15,0,15,0.1,,1,,,NA,NA,5/18/22,89,,,0,NA,,
198,daphnia,15,0,15,0.1,,,,1,NA,NA,4/14/22,NA,,,NA,NA,,
199,daphnia,15,0,15,0.1,,1,,,NA,NA,5/18/22,83,,,0,NA,,
200,daphnia,15,0,15,0.1,,,,,4/16/22,11,,56,,,NA,NA,,
201,daphnia,15,0,15,0.1,,,,1,NA,NA,4/11/22,NA,,,NA,NA,,
202,daphnia,15,0,15,0.1,,1,,,NA,NA,5/18/22,87,,,0,NA,,
203,daphnia,15,0,15,0.1,,,,1,NA,NA,4/14/22,NA,,,NA,NA,,
204,daphnia,15,0,15,0.1,,,,,4/14/22,9,,41,,,NA,NA,,
205,daphnia,15,0,15,0.1,,,,,4/14/22,9,,35,,,NA,NA,,
206,daphnia,15,0,15,0.1,,,,,4/12/22,7,,36,,,NA,NA,,
207,daphnia,15,0,15,0.1,,1,,,NA,NA,5/18/22,88,,,0,NA,,
208,daphnia,15,0,15,0.1,,1,,,NA,NA,5/18/22,91,,,0,NA,,
209,daphnia,15,0,15,0.1,,,,,4/12/22,7,,NA,,,NA,NA,,
210,daphnia,15,0,15,0.1,,1,,,NA,NA,5/18/22,85,,,0,NA,,
211,daphnia,15,0,15,0.5,,,,,5/21/22,46,,94,,,0,NA,,
212,daphnia,15,0,15,0.5,,1,,,NA,NA,5/23/22,93,,,0,NA,,
213,daphnia,15,0,15,0.5,,,,,5/1/22,26,,55,,,0,NA,,
214,daphnia,15,0,15,0.5,,1,,,NA,NA,5/23/22,92,,,0,NA,,
215,daphnia,15,0,15,0.5,,,,,5/21/22,46,,82,,,0,NA,,
216,daphnia,15,0,15,0.5,,1,,,NA,NA,5/23/22,95,,,0,NA,,
217,daphnia,15,0,15,0.5,,1,,,NA,NA,5/23/22,92,,,0,NA,,
218,daphnia,15,0,15,0.5,,1,,,NA,NA,5/23/22,85,,,0,NA,,
219,daphnia,15,0,15,0.5,,1,,,NA,NA,5/23/22,93,,,0,NA,,
220,daphnia,15,0,15,0.5,,,,1,NA,NA,4/10/22,NA,,,NA,NA,,
221,daphnia,15,0,15,0.5,,1,,,NA,NA,5/23/22,88,,,0,NA,,
222,daphnia,15,0,15,0.5,,1,,,NA,NA,5/23/22,99,,,0,NA,,
223,daphnia,15,0,15,0.5,,1,,,NA,NA,5/23/22,92,,,0,NA,,
224,daphnia,15,0,15,0.5,,1,,,NA,NA,5/23/22,94,,,0,NA,,
225,daphnia,15,0,15,0.5,,,,,5/21/22,46,,94,,,0,NA,,
226,daphnia,15,0,15,0.5,1,1,,,NA,NA,5/1/22,56,,,0,NA,,
227,daphnia,15,0,15,0.5,,1,,,NA,NA,5/18/22,92,,,0,NA,,
228,daphnia,15,0,15,0.5,,1,,,NA,NA,5/18/22,91,,,0,NA,,
229,daphnia,15,0,15,0.5,,,,,5/12/22,37,,60,,,1,40,1,
230,daphnia,15,0,15,0.5,1,1,,,NA,NA,5/1/22,57,,,0,NA,,
231,daphnia,15,0,15,0.5,,1,,,NA,NA,5/18/22,93,,,0,NA,,
232,daphnia,15,0,15,0.5,,1,,,NA,NA,5/18/22,100,,,0,NA,,
233,daphnia,15,0,15,0.5,,,,1,NA,NA,4/20/22,NA,,,NA,NA,,
234,daphnia,15,0,15,0.5,,1,,,NA,NA,5/18/22,95,,,0,NA,,
235,daphnia,15,0,15,0.5,,1,,,NA,NA,5/18/22,92,,,0,NA,,
236,daphnia,15,0,15,0.5,,1,,,NA,NA,5/18/22,97,,,0,NA,,
237,daphnia,15,0,15,0.5,,1,,,NA,NA,5/18/22,97,,,0,NA,,
238,daphnia,15,0,15,0.5,1,1,,,NA,NA,5/1/22,58,,,0,NA,,
239,daphnia,15,0,15,0.5,,1,,,NA,NA,5/18/22,88,,,0,NA,,
240,daphnia,15,0,15,0.5,,,,1,NA,NA,5/14/22,NA,,,NA,NA,,
241,daphnia,15,0,15,0.5,,1,,,NA,NA,5/18/22,94,,,0,NA,,
242,daphnia,15,0,15,0.5,,,,,5/4/22,29,,40,,,0,0,1,
243,daphnia,15,0,15,0.5,,1,,,NA,NA,5/18/22,93,,,0,NA,,
244,daphnia,15,0,15,0.5,,1,,,NA,NA,5/18/22,95,,,0,NA,,
245,daphnia,15,0,15,0.5,,,,,5/7/22,32,,85,,,1,56,1,
246,daphnia,15,0,15,0.5,,1,,,NA,NA,5/18/22,94,,,0,NA,,
247,daphnia,15,0,15,0.5,,1,,,NA,NA,5/18/22,90,,,0,NA,,
248,daphnia,15,0,15,0.5,,,,,4/15/22,10,,43,,,NA,NA,,
249,daphnia,15,0,15,0.5,,1,,,NA,NA,5/18/22,86,,,0,NA,,
250,daphnia,15,0,15,0.5,,1,,,NA,NA,5/18/22,86,,,0,NA,,
251,daphnia,15,0,15,0.5,,,,,5/4/22,29,,74,,,0,0,1,
252,daphnia,15,0,15,0.5,,1,,,NA,NA,5/18/22,93,,,0,NA,,
253,daphnia,15,0,15,0.5,,1,,,NA,NA,5/18/22,94,,,0,NA,,
254,daphnia,15,0,15,0.5,,1,,,NA,NA,5/18/22,87,,,0,NA,,
255,daphnia,15,0,15,0.5,,1,,,NA,NA,5/18/22,96,,,0,NA,,
256,daphnia,15,0,15,0.5,,,,1,NA,NA,4/11/22,NA,,,NA,NA,,
257,daphnia,15,0,15,0.5,,,,,5/21/22,46,,85,,,1,194,1,
258,daphnia,15,0,15,0.5,,,,,4/22/22,17,,64,,,0,0,1,
259,daphnia,15,0,15,0.5,,,,1,NA,NA,4/20/22,NA,,,NA,NA,,
260,daphnia,15,0,15,0.5,,,,,4/14/22,9,,40,,,NA,NA,,
261,daphnia,15,0,15,0.5,,1,,,NA,NA,5/18/22,92,,,0,NA,,
262,daphnia,15,0,15,0.5,,1,,,NA,NA,5/18/22,91,,,0,NA,,
263,daphnia,15,0,15,0.5,,1,,,NA,NA,5/18/22,94,,,0,NA,,
264,daphnia,15,0,15,0.5,,1,,,NA,NA,5/18/22,97,,,0,NA,,
265,daphnia,15,0,15,0.5,,,,,4/15/22,10,,46,,,NA,NA,,
266,daphnia,15,0,15,0.5,,1,,,NA,NA,5/18/22,94,,,0,NA,,
267,daphnia,15,0,15,0.5,,1,,,NA,NA,5/18/22,94,,,0,NA,,
268,daphnia,15,0,15,0.5,,1,,,NA,NA,5/18/22,96,,,0,NA,,
269,daphnia,15,0,15,0.5,1,1,,,NA,NA,5/1/22,56,,,0,NA,,
270,daphnia,15,0,15,0.5,,,,1,NA,NA,4/13/22,NA,,,NA,NA,,
271,daphnia,15,0,15,1,,1,,,NA,NA,5/23/22,86,,,0,NA,,
272,daphnia,15,0,15,1,,1,,,NA,NA,5/23/22,85,,,0,NA,,
273,daphnia,15,0,15,1,,1,,,NA,NA,5/23/22,89,,,0,NA,,
274,daphnia,15,0,15,1,,1,,,NA,NA,5/23/22,90,,,0,NA,,
275,daphnia,15,0,15,1,,,1,,NA,NA,5/11/22,88,,,0,NA,,
276,daphnia,15,0,15,1,,1,,,NA,NA,5/23/22,89,,,0,NA,,
277,daphnia,15,0,15,1,1,1,,,NA,NA,5/5/22,57,,,0,NA,,
278,daphnia,15,0,15,1,,1,,,NA,NA,5/23/22,87,,,0,NA,,
279,daphnia,15,0,15,1,,1,,,NA,NA,5/23/22,87,,,0,NA,,
280,daphnia,15,0,15,1,,1,,,NA,NA,5/23/22,82,,,0,NA,,
281,daphnia,15,0,15,1,,,,,5/21/22,46,,88,,,0,NA,,
282,daphnia,15,0,15,1,,1,,,NA,NA,5/23/22,93,,,0,NA,,
283,daphnia,15,0,15,1,,1,,,NA,NA,5/23/22,87,,,0,NA,,
284,daphnia,15,0,15,1,,1,,,NA,NA,5/23/22,88,,,0,NA,,
285,daphnia,15,0,15,1,,,,,5/21/22,46,,89,,,0,NA,,
286,daphnia,15,0,15,1,,1,,,NA,NA,5/18/22,81,,,0,NA,,
287,daphnia,15,0,15,1,,,,1,NA,NA,4/11/22,NA,,,NA,NA,,
288,daphnia,15,0,15,1,,1,,,NA,NA,5/18/22,87,,,0,NA,,
289,daphnia,15,0,15,1,,1,,,NA,NA,5/18/22,86,,,0,NA,,
290,daphnia,15,0,15,1,,1,,,NA,NA,5/18/22,90,,,0,NA,,
291,daphnia,15,0,15,1,,,,,5/17/22,42,,86,,,1,133,1,
292,daphnia,15,0,15,1,,,,,4/15/22,10,,46,,,NA,NA,,
293,daphnia,15,0,15,1,,1,,,NA,NA,5/18/22,92,,,0,NA,,
294,daphnia,15,0,15,1,,1,,,NA,NA,5/18/22,89,,,0,NA,,
295,daphnia,15,0,15,1,,1,,,NA,NA,5/18/22,87,,,0,NA,,
296,daphnia,15,0,15,1,,1,,,NA,NA,5/18/22,89,,,0,NA,,
297,daphnia,15,0,15,1,,,,1,NA,NA,4/11/22,NA,,,NA,NA,,
298,daphnia,15,0,15,1,,1,,,NA,NA,5/18/22,78,,,0,NA,,
299,daphnia,15,0,15,1,,,,,5/20/22,45,,87,,,1,122,1,
300,daphnia,15,0,15,1,,1,,,NA,NA,5/18/22,87,,,0,NA,,
301,daphnia,15,0,15,1,,,,,5/19/22,44,,88,,,1,150,1,
302,daphnia,15,0,15,1,,1,,,NA,NA,5/18/22,89,,,0,NA,,
303,daphnia,15,0,15,1,,,,,5/13/22,38,,NA,,,1,100,1,
304,daphnia,15,0,15,1,,,,,5/21/22,46,,79,,,1,118,1,
305,daphnia,15,0,15,1,,,,,4/14/22,9,,35,,,NA,NA,,
306,daphnia,15,0,15,1,,1,,,NA,NA,5/18/22,84,,,0,NA,,
307,daphnia,15,0,15,1,,1,,,NA,NA,5/18/22,82,,,0,NA,,
308,daphnia,15,0,15,1,,1,,,NA,NA,5/18/22,88,,,0,NA,,
309,daphnia,15,0,15,1,,,,,5/13/22,38,,86,,,1,86,1,
310,daphnia,15,0,15,1,,1,,,NA,NA,5/18/22,95,,,0,NA,,
311,daphnia,15,0,15,1,,1,,,NA,NA,5/18/22,87,,,0,NA,,
312,daphnia,15,0,15,1,,,,,5/7/22,32,,83,,,0,0,1,
313,daphnia,15,0,15,1,,,,,4/14/22,9,,65,,,NA,NA,,
314,daphnia,15,0,15,1,,1,,,NA,NA,5/18/22,86,,,0,NA,,
315,daphnia,15,0,15,1,,,,,5/17/22,42,,84,,,1,99,1,
316,daphnia,15,0,15,1,,1,,,NA,NA,5/18/22,91,,,0,NA,,
317,daphnia,15,0,15,1,,1,,,NA,NA,5/18/22,89,,,0,NA,,
318,daphnia,15,0,15,1,,,,,5/19/22,44,,83,,,1,142,1,
319,daphnia,15,0,15,1,,1,,,NA,NA,5/18/22,81,,,0,NA,,
320,daphnia,15,0,15,1,,,,,5/18/22,43,,84,,,1,114,1,
321,daphnia,15,0,15,1,,,,,5/21/22,46,,85,,,1,156,1,
322,daphnia,15,0,15,1,,1,,,NA,NA,5/18/22,86,,,0,NA,,
323,daphnia,15,0,15,1,,1,,,NA,NA,5/18/22,89,,,0,NA,,
324,daphnia,15,0,15,1,,,,,5/22/22,47,,97,,,1,123,1,
325,daphnia,15,0,15,1,,1,,,NA,NA,5/18/22,86,,,0,NA,,
326,daphnia,15,0,15,1,,1,,,NA,NA,5/18/22,87,,,0,NA,,
327,daphnia,15,0,15,1,,1,,,NA,NA,5/18/22,86,,,0,NA,,
328,daphnia,15,0,15,1,,,,,5/12/22,37,,84,,,1,116,1,
329,daphnia,15,0,15,1,,1,,,NA,NA,5/18/22,88,,,0,NA,,
330,daphnia,15,0,15,1,,1,,,NA,NA,5/18/22,90,,,0,NA,,
331,daphnia,20,0,20,0.1,,,,1,NA,NA,5/21/22,NA,,,NA,NA,,
332,daphnia,20,0,20,0.1,,,,,5/19/22,44,,92,,,0,NA,,
333,daphnia,20,0,20,0.1,,,,,5/22/22,47,,NA,,,0,NA,,
334,daphnia,20,0,20,0.1,,,,,5/23/22,48,,95,,,0,NA,,
335,daphnia,20,0,20,0.1,,,,,4/29/22,24,,NA,,,0,0,1,
336,daphnia,20,0,20,0.1,,,,,5/16/22,41,,88,,,0,NA,,
337,daphnia,20,0,20,0.1,,,1,,NA,NA,4/23/22,76,,,0,NA,,
338,daphnia,20,0,20,0.1,,,,,5/23/22,48,,NA,,,0,NA,,
339,daphnia,20,0,20,0.1,,,,1,NA,NA,4/21/22,NA,,,NA,NA,,
340,daphnia,20,0,20,0.1,,,,,5/22/22,47,,95,,,0,NA,,
341,daphnia,20,0,20,0.1,,,,,5/21/22,46,,92,,,0,NA,,
342,daphnia,20,0,20,0.1,1,1,,,NA,NA,5/1/22,63,,,0,NA,,
343,daphnia,20,0,20,0.1,,,,,5/23/22,48,,91,,,0,NA,,
344,daphnia,20,0,20,0.1,,,,,5/23/22,48,,95,,,0,NA,,
345,daphnia,20,0,20,0.1,,,,,5/23/22,48,,NA,,,0,NA,,
346,daphnia,20,0,20,0.1,,,,,4/29/22,24,,73,,,1,108,1,
347,daphnia,20,0,20,0.1,,,,,4/30/22,25,,81,,,1,118,1,
348,daphnia,20,0,20,0.1,,,,,4/23/22,18,,54,,,1,29,1,
349,daphnia,20,0,20,0.1,,,,,5/2/22,27,,82,,,1,142,1,
350,daphnia,20,0,20,0.1,,,,,4/28/22,23,,76,,,1,83,1,
351,daphnia,20,0,20,0.1,,,,,5/1/22,26,,76,,,1,126,1,
352,daphnia,20,0,20,0.1,,,,,4/29/22,24,,79,,,1,99,1,
353,daphnia,20,0,20,0.1,,,,,4/29/22,24,,81,,,1,76,1,
354,daphnia,20,0,20,0.1,,,,,4/27/22,22,,80,,,1,97,1,
355,daphnia,20,0,20,0.1,,,,,4/29/22,24,,75,,,1,76,1,
356,daphnia,20,0,20,0.1,,,,,4/30/22,25,,83,,,1,167,1,
357,daphnia,20,0,20,0.1,1,,,,4/20/22,15,,53,,,1,69,0,
358,daphnia,20,0,20,0.1,1,1,,,NA,NA,4/30/22,54,,,0,NA,,
359,daphnia,20,0,20,0.1,1,,,,4/24/22,19,,59,,,1,34,1,
360,daphnia,20,0,20,0.1,,,,1,NA,NA,4/20/22,NA,,,NA,NA,,
361,daphnia,20,0,20,0.1,,1,,,NA,NA,5/19/22,97,,,0,NA,,
362,daphnia,20,0,20,0.1,,,,,4/29/22,24,,NA,,,1,39,1,
363,daphnia,20,0,20,0.1,,,,,4/24/22,19,,74,,,1,77,1,
364,daphnia,20,0,20,0.1,,,,,4/29/22,24,,67,,,1,110,1,
365,daphnia,20,0,20,0.1,,,,,4/30/22,25,,77,,,1,101,1,
366,daphnia,20,0,20,0.1,,1,,,NA,NA,5/18/22,94,,,0,NA,,
367,daphnia,20,0,20,0.1,,,,,4/16/22,11,,74,,,NA,NA,,
368,daphnia,20,0,20,0.1,1,,,,4/23/22,18,,64,,,1,27,1,
369,daphnia,20,0,20,0.1,,,,,4/29/22,24,,77,,,1,134,1,
370,daphnia,20,0,20,0.1,,,,,4/29/22,24,,NA,,,NA,NA,,
371,daphnia,20,0,20,0.1,,,,,4/23/22,18,,76,,,1,29,1,
372,daphnia,20,0,20,0.1,,,,,4/29/22,24,,NA,,,1,40,1,
373,daphnia,20,0,20,0.1,,,,,4/22/22,17,,NA,,,1,25,1,
374,daphnia,20,0,20,0.1,,,,,4/22/22,17,,57,,,1,31,1,
375,daphnia,20,0,20,0.1,,,,,4/29/22,24,,NA,,,NA,NA,,
376,daphnia,20,0,20,0.5,,,,,5/21/22,46,,94,1,-1,0,NA,,
377,daphnia,20,0,20,0.5,,,,,5/21/22,46,,97,1,-1,0,NA,,
378,daphnia,20,0,20,0.5,,,1,,NA,NA,4/15/22,71,,,NA,NA,,
379,daphnia,20,0,20,0.5,,,,,5/23/22,48,,96,1,-1,0,NA,,
380,daphnia,20,0,20,0.5,,,,,5/23/22,48,,NA,,,0,NA,,
381,daphnia,20,0,20,0.5,1,1,,,NA,NA,5/1/22,59,,,0,NA,,
382,daphnia,20,0,20,0.5,,1,,,NA,NA,5/23/22,98,,,0,NA,,
383,daphnia,20,0,20,0.5,,,,,4/23/22,18,,88,,,0,NA,,
384,daphnia,20,0,20,0.5,,,,,5/21/22,46,,93,1,-1,0,NA,,
385,daphnia,20,0,20,0.5,,,,,4/24/22,19,,84,,,0,NA,,
386,daphnia,20,0,20,0.5,,,,,4/24/22,19,,88,,,0,NA,,
387,daphnia,20,0,20,0.5,,1,,,NA,NA,5/23/22,96,1,-1,0,NA,,
388,daphnia,20,0,20,0.5,,,,1,4/12/22,7,,NA,,,NA,NA,,
389,daphnia,20,0,20,0.5,1,1,,,NA,NA,5/1/22,59,,,0,NA,,
390,daphnia,20,0,20,0.5,,1,,,NA,NA,5/23/22,83,1,-2,0,NA,,
391,daphnia,20,0,20,0.5,,1,,,NA,NA,5/18/22,100,1,-1,0,NA,,
392,daphnia,20,0,20,0.5,,,,,4/22/22,17,,59,,,1,34,1,
393,daphnia,20,0,20,0.5,,,,,4/15/22,10,,NA,,,1,51,1,
394,daphnia,20,0,20,0.5,,,,,4/30/22,25,,84,,,0,0,1,
395,daphnia,20,0,20,0.5,,,,,5/1/22,26,,88,,,1,162,1,
396,daphnia,20,0,20,0.5,,,,,4/25/22,20,,NA,,,1,35,1,
397,daphnia,20,0,20,0.5,,1,,,NA,NA,5/18/22,93,1,-1,0,NA,,
398,daphnia,20,0,20,0.5,,,,,NA,NA,5/5/22,NA,,,NA,NA,,PROBABLY MALE
399,daphnia,20,0,20,0.5,1,,,,4/24/22,19,,62,,,1,27,1,
400,daphnia,20,0,20,0.5,,1,,,NA,NA,5/18/22,95,1,-1,0,NA,,
401,daphnia,20,0,20,0.5,,1,,,NA,NA,5/18/22,91,1,-1,0,NA,,
402,daphnia,20,0,20,0.5,,1,,,NA,NA,5/18/22,95,1,-1,0,NA,,
403,daphnia,20,0,20,0.5,1,1,,,NA,NA,5/1/22,62,,,0,NA,,
404,daphnia,20,0,20,0.5,,,,,4/23/22,18,,74,,,1,57,1,
405,daphnia,20,0,20,0.5,,,,,4/25/22,20,,77,,,1,106,1,
406,daphnia,20,0,20,0.5,1,1,,,NA,NA,5/1/22,61,,,0,NA,,
407,daphnia,20,0,20,0.5,,,,,4/21/22,16,,77,,,0,0,1,
408,daphnia,20,0,20,0.5,,,,,4/23/22,18,,85,,,1,45,1,
409,daphnia,20,0,20,0.5,,1,,,NA,NA,5/18/22,96,1,-1,0,NA,,
410,daphnia,20,0,20,0.5,,1,,,NA,NA,5/18/22,92,1,-1,0,NA,,
411,daphnia,20,0,20,0.5,,,,,4/25/22,20,,72,,,1,132,1,
412,daphnia,20,0,20,0.5,,1,,,NA,NA,5/18/22,94,1,-1,0,NA,,
413,daphnia,20,0,20,0.5,,,,,5/1/22,26,,85,,,1,183,1,
414,daphnia,20,0,20,0.5,,,,,4/22/22,17,,77,,,1,88,1,
415,daphnia,20,0,20,0.5,1,1,,,NA,NA,5/1/22,61,,,0,NA,,
416,daphnia,20,0,20,0.5,,,,,4/25/22,20,,79,,,1,90,1,
417,daphnia,20,0,20,0.5,1,,,,4/22/22,17,,52,,,0,0,1,
418,daphnia,20,0,20,0.5,,,,,4/29/22,24,,81,,,1,101,1,
419,daphnia,20,0,20,0.5,,1,,,NA,NA,5/18/22,91,1,-1,0,NA,,
420,daphnia,20,0,20,0.5,,1,,,NA,NA,5/18/22,95,1,-1,0,NA,,
421,daphnia,20,0,20,1,1,1,,,NA,NA,5/1/22,63,,,0,NA,,
422,daphnia,20,0,20,1,,1,,,NA,NA,5/23/22,82,1,-2,0,NA,,
423,daphnia,20,0,20,1,,,,,5/20/22,45,,94,1,-1,0,NA,,
424,daphnia,20,0,20,1,,,,,5/22/22,47,,94,1,-1,0,NA,,
425,daphnia,20,0,20,1,,1,,,NA,NA,5/23/22,80,1,-2,0,NA,,
426,daphnia,20,0,20,1,,1,,,NA,NA,5/23/22,99,1,-1,0,NA,,
427,daphnia,20,0,20,1,,,,,5/20/22,45,,80,1,-2,0,NA,,
428,daphnia,20,0,20,1,,,,,5/22/22,47,,97,1,-1,0,NA,,
429,daphnia,20,0,20,1,,,,,5/22/22,47,,99,1,-1,0,NA,,
430,daphnia,20,0,20,1,,1,,,NA,NA,5/23/22,82,1,-2,0,NA,,
431,daphnia,20,0,20,1,,1,,,NA,NA,5/23/22,98,1,-1,0,NA,,
432,daphnia,20,0,20,1,1,,1,,NA,NA,4/23/22,57,,,0,1,1,
433,daphnia,20,0,20,1,,,,,5/14/22,39,,91,1,-1,0,NA,,
434,daphnia,20,0,20,1,,1,,,NA,NA,5/23/22,82,1,-2,0,NA,,
435,daphnia,20,0,20,1,1,1,,,NA,NA,5/1/22,61,,,0,NA,,
436,daphnia,20,0,20,1,,1,,,NA,NA,5/18/22,80,1,-2,0,NA,,
437,daphnia,20,0,20,1,,1,,,NA,NA,5/18/22,98,1,-1,0,NA,,
438,daphnia,20,0,20,1,,1,,,NA,NA,5/18/22,96,1,-1,0,NA,,
439,daphnia,20,0,20,1,,,,,4/26/22,21,,75,,,1,98,1,
440,daphnia,20,0,20,1,,,,,4/20/22,15,,85,,,1,187,0,
441,daphnia,20,0,20,1,,1,,,NA,NA,5/18/22,92,1,-1,0,NA,,
442,daphnia,20,0,20,1,,,,,4/22/22,17,,78,,,1,97,1,
443,daphnia,20,0,20,1,,,,,4/25/22,20,,82,,,1,100,1,
444,daphnia,20,0,20,1,,1,,,NA,NA,5/18/22,97,1,-1,0,NA,,
445,daphnia,20,0,20,1,,1,,,NA,NA,5/18/22,95,1,-1,0,NA,,
446,daphnia,20,0,20,1,,1,,,NA,NA,5/18/22,79,1,-2,0,NA,,
447,daphnia,20,0,20,1,,,,,4/24/22,19,,83,,,1,80,1,
448,daphnia,20,0,20,1,,1,,,NA,NA,5/18/22,98,1,-1,0,NA,,
449,daphnia,20,0,20,1,,,,,4/24/22,19,,78,,,1,68,1,
450,daphnia,20,0,20,1,,,,1,NA,NA,4/23/22,NA,,,NA,NA,,
451,daphnia,20,0,20,1,,,,,4/25/22,20,,82,,,1,92,1,
452,daphnia,20,0,20,1,,,,,4/29/22,24,,78,,,1,156,1,
453,daphnia,20,0,20,1,,,,,4/24/22,19,,NA,,,1,17,1,
454,daphnia,20,0,20,1,,1,,,NA,NA,5/18/22,81,1,-2,0,NA,,
455,daphnia,20,0,20,1,,,,,4/24/22,19,,84,,,1,86,1,
456,daphnia,20,0,20,1,,,,,4/29/22,24,,80,,,1,139,1,
457,daphnia,20,0,20,1,,,,,4/24/22,19,,83,,,1,75,1,
458,daphnia,20,0,20,1,,1,,,NA,NA,5/18/22,82,1,-2,0,NA,,
459,daphnia,20,0,20,1,,,,,4/30/22,25,,80,,,1,205,1,
460,daphnia,20,0,20,1,,1,,,NA,NA,5/18/22,80,1,-2,0,NA,,
461,daphnia,20,0,20,1,,,,,4/24/22,19,,76,,,1,84,1,
462,daphnia,20,0,20,1,,,,,4/24/22,19,,85,,,1,72,1,
463,daphnia,20,0,20,1,,,,1,NA,NA,4/10/22,NA,,,NA,NA,,
464,daphnia,20,0,20,1,,,,1,NA,NA,4/10/22,NA,,,NA,NA,,
465,daphnia,20,0,20,1,,1,,,NA,NA,5/18/22,100,1,-1,0,NA,,
466,daphnia,25,0,25,0.1,,,,,4/13/22,8,,65,,,0,NA,,
467,daphnia,25,0,25,0.1,,,,,5/9/22,34,,92,,,1,157,1,
468,daphnia,25,0,25,0.1,,,,,5/13/22,38,,95,,,0,NA,,
469,daphnia,25,0,25,0.1,,,,,5/22/22,47,,NA,,,0,NA,,
470,daphnia,25,0,25,0.1,,,,,5/17/22,42,,94,,,0,NA,,
471,daphnia,25,0,25,0.1,,,,,4/14/22,9,,74,,,NA,NA,,
472,daphnia,25,0,25,0.1,,,,,5/23/22,48,,NA,,,0,NA,,
473,daphnia,25,0,25,0.1,,,,,5/22/22,47,,97,,,0,NA,,
474,daphnia,25,0,25,0.1,,,,,5/22/22,47,,90,1,-1,0,NA,,
475,daphnia,25,0,25,0.1,,,,,5/22/22,47,,97,,,0,NA,,
476,daphnia,25,0,25,0.1,,,,,5/23/22,48,,NA,,,0,NA,,
477,daphnia,25,0,25,0.1,,,,1,NA,NA,4/22/22,NA,,,NA,NA,,
478,daphnia,25,0,25,0.1,,,,,5/23/22,48,,NA,,,0,NA,,
479,daphnia,25,0,25,0.1,,,,,5/22/22,47,,91,1,-1,0,NA,,
480,daphnia,25,0,25,0.1,,,,,5/17/22,42,,96,,,0,NA,,
481,daphnia,25,0,25,0.1,,,,,4/11/22,6,,NA,,,NA,NA,,
482,daphnia,25,0,25,0.1,,,,,4/14/22,9,,74,,,NA,NA,,
483,daphnia,25,0,25,0.1,,,1,,NA,NA,4/26/22,NA,,,NA,NA,,
484,daphnia,25,0,25,0.1,,,,1,NA,NA,4/25/22,NA,,,NA,NA,,
485,daphnia,25,0,25,0.1,,,,1,NA,NA,4/25/22,NA,,,NA,NA,,
486,daphnia,25,0,25,0.1,,,,,4/18/22,13,,78,,,1,111,0,
487,daphnia,25,0,25,0.1,,,1,,NA,NA,4/26/22,NA,,,NA,NA,,
488,daphnia,25,0,25,0.1,,,,1,NA,NA,4/25/22,NA,,,NA,NA,,
489,daphnia,25,0,25,0.1,,,,1,NA,NA,4/24/22,NA,,,NA,NA,,
490,daphnia,25,0,25,0.1,,,,,4/24/22,19,,79,,,1,95,1,
491,daphnia,25,0,25,0.1,,,,,4/23/22,18,,73,,,1,74,1,
492,daphnia,25,0,25,0.1,,,,1,NA,NA,4/19/22,NA,,,NA,NA,,
493,daphnia,25,0,25,0.1,,,,,4/24/22,19,,77,,,1,88,1,
494,daphnia,25,0,25,0.1,,,,,4/23/22,18,,78,,,1,99,1,
495,daphnia,25,0,25,0.1,,,,,4/21/22,16,,77,,,1,101,0,
496,daphnia,25,0,25,0.1,,,,,4/26/22,21,,87,,,1,117,1,
497,daphnia,25,0,25,0.1,,,,,4/17/22,12,,79,,,1,80,0,
498,daphnia,25,0,25,0.1,,,,,4/22/22,17,,77,,,1,83,1,
499,daphnia,25,0,25,0.1,,,1,,NA,NA,4/26/22,NA,,,NA,NA,,
500,daphnia,25,0,25,0.1,,,,,4/24/22,19,,80,,,1,89,1,
501,daphnia,25,0,25,0.1,,,,,4/20/22,15,,71,,,1,96,0,
502,daphnia,25,0,25,0.1,,,,,4/24/22,19,,NA,,,1,67,1,
503,daphnia,25,0,25,0.1,1,,,,4/21/22,16,,60,,,1,92,0,
504,daphnia,25,0,25,0.1,,,,,4/23/22,18,,77,,,1,73,1,
505,daphnia,25,0,25,0.1,,,,,4/24/22,19,,81,,,1,64,1,
506,daphnia,25,0,25,0.1,,,,,4/24/22,19,,NA,,,1,15,1,
507,daphnia,25,0,25,0.1,,,,1,NA,NA,4/11/22,NA,,,NA,NA,,
508,daphnia,25,0,25,0.1,,,,,4/24/22,19,,80,,,1,91,1,
509,daphnia,25,0,25,0.1,,,,,4/26/22,21,,57,,,1,44,1,
510,daphnia,25,0,25,0.1,,,,1,NA,NA,4/10/22,NA,,,NA,NA,,
511,daphnia,25,0,25,0.5,,,,1,NA,NA,4/10/22,NA,,,NA,NA,,
512,daphnia,25,0,25,0.5,,,,,5/21/22,46,,86,1,-2,0,NA,,
513,daphnia,25,0,25,0.5,,,,,5/22/22,47,,NA,,,0,NA,,
514,daphnia,25,0,25,0.5,,1,,,NA,NA,5/23/22,83,1,-2,0,NA,,
515,daphnia,25,0,25,0.5,,,,,5/21/22,46,,84,1,-2,0,NA,,
516,daphnia,25,0,25,0.5,,,,,4/10/22,5,,70,,,NA,NA,,
517,daphnia,25,0,25,0.5,,,,,5/22/22,47,,NA,,,0,NA,,
518,daphnia,25,0,25,0.5,,,,,4/10/22,5,,72,,,NA,NA,,
519,daphnia,25,0,25,0.5,,1,,,NA,NA,5/23/22,81,1,-2,0,NA,,
520,daphnia,25,0,25,0.5,,,,,4/10/22,5,,70,,,NA,NA,,
521,daphnia,25,0,25,0.5,,,,,5/23/22,48,,81,1,-2,0,NA,,
522,daphnia,25,0,25,0.5,,,1,,NA,NA,4/18/22,NA,,,0,0,0,
523,daphnia,25,0,25,0.5,,,,,5/22/22,47,,95,1,-1,0,NA,,
524,daphnia,25,0,25,0.5,,1,,,NA,NA,5/23/22,84,1,-2,0,NA,,
525,daphnia,25,0,25,0.5,,,,,5/23/22,48,,NA,,,0,NA,,
526,daphnia,25,0,25,0.5,,,,,4/20/22,15,,75,,,1,269,0,
527,daphnia,25,0,25,0.5,,,,,4/22/22,17,,NA,,,1,137,1,
528,daphnia,25,0,25,0.5,,,,,4/18/22,13,,75,,,1,242,0,
529,daphnia,25,0,25,0.5,,,,,4/24/22,19,,86,,,1,108,1,
530,daphnia,25,0,25,0.5,,,,,4/20/22,15,,87,,,1,291,0,
531,daphnia,25,0,25,0.5,,,,,4/22/22,17,,84,,,1,183,1,
532,daphnia,25,0,25,0.5,,,,,4/20/22,15,,87,,,1,162,1,
533,daphnia,25,0,25,0.5,,,,,4/22/22,17,,NA,,,1,185,1,
534,daphnia,25,0,25,0.5,,,,,4/21/22,16,,90,,,1,171,0,
535,daphnia,25,0,25,0.5,,,,,4/20/22,15,,75,,,1,136,1,
536,daphnia,25,0,25,0.5,,,,,4/19/22,14,,84,,,1,250,0,
537,daphnia,25,0,25,0.5,,,,,4/22/22,17,,93,,,1,232,1,
538,daphnia,25,0,25,0.5,,,,,4/17/22,12,,81,,,1,165,0,
539,daphnia,25,0,25,0.5,1,1,,,NA,NA,4/16/22,61,,,1,70,0,
540,daphnia,25,0,25,0.5,,,,,4/17/22,12,,82,,,1,213,0,
541,daphnia,25,0,25,0.5,,,,,4/16/22,11,,77,,,NA,NA,,
542,daphnia,25,0,25,0.5,,,,,4/21/22,16,,85,,,1,289,0,
543,daphnia,25,0,25,0.5,,,,,4/18/22,13,,84,,,1,205,0,
544,daphnia,25,0,25,0.5,,,,,4/23/22,18,,87,,,1,137,1,
545,daphnia,25,0,25,0.5,,,,,4/10/22,5,,70,,,NA,NA,,
546,daphnia,25,0,25,0.5,,,,,4/20/22,15,,85,,,1,104,1,
547,daphnia,25,0,25,0.5,,,,,4/20/22,15,,80,,,1,141,1,
548,daphnia,25,0,25,0.5,,,,,4/21/22,16,,NA,,,1,21,1,
549,daphnia,25,0,25,0.5,,,,,4/22/22,17,,86,,,1,NA,,
550,daphnia,25,0,25,0.5,,,,,4/19/22,14,,74,,,1,192,1,
551,daphnia,25,0,25,0.5,,,,,4/19/22,14,,69,,,1,134,0,
552,daphnia,25,0,25,0.5,,,,,4/20/22,15,,76,,,1,135,1,
553,daphnia,25,0,25,0.5,,,,,4/17/22,12,,72,,,1,127,0,
554,daphnia,25,0,25,0.5,1,1,,,NA,NA,4/16/22,61,,,1,NA,,
555,daphnia,25,0,25,0.5,1,1,,,NA,NA,4/16/22,62,,,1,104,0,
556,daphnia,25,0,25,1,,1,,,NA,NA,5/23/22,87,1,-2,0,,,
557,daphnia,25,0,25,1,,,,,5/22/22,47,,87,1,-2,0,,,
558,daphnia,25,0,25,1,,,,,5/21/22,46,,NA,,,0,,,
559,daphnia,25,0,25,1,,,,,5/13/22,38,,90,1,-2,0,,,
560,daphnia,25,0,25,1,,,,,5/21/22,46,,NA,,,0,,,
561,daphnia,25,0,25,1,,,,,5/22/22,47,,89,1,-2,0,,,
562,daphnia,25,0,25,1,,,,,5/19/22,44,,NA,,,0,,,
563,daphnia,25,0,25,1,,,,,4/16/22,11,,89,,,NA,,,
564,daphnia,25,0,25,1,,,,,5/23/22,48,,NA,,,0,,,
565,daphnia,25,0,25,1,,,,,5/11/22,36,,95,1,-1,0,,,
566,daphnia,25,0,25,1,,,,,5/21/22,46,,86,1,-2,0,,,
567,daphnia,25,0,25,1,,1,,,NA,NA,5/23/22,89,1,-2,0,,,
568,daphnia,25,0,25,1,,,,,5/22/22,47,,82,1,-2,0,,,
569,daphnia,25,0,25,1,,,,1,NA,NA,4/11/22,NA,,,NA,,,
570,daphnia,25,0,25,1,,,,,5/23/22,48,,NA,,,0,,,
571,daphnia,25,0,25,1,,,,,4/19/22,14,,95,,,1,NA,,
572,daphnia,25,0,25,1,,,,,4/21/22,16,,87,,,1,145,1,
573,daphnia,25,0,25,1,,,,,4/14/22,9,,76,,,NA,,,
574,daphnia,25,0,25,1,,,,,4/17/22,12,,83,,,1,130,0,
575,daphnia,25,0,25,1,,,,,4/20/22,15,,78,,,1,130,1,
576,daphnia,25,0,25,1,,,,,4/26/22,21,,98,,,1,215,1,
577,daphnia,25,0,25,1,,,,,4/20/22,15,,85,,,1,146,1,
578,daphnia,25,0,25,1,,,,,4/19/22,14,,95,,,1,360,0,
579,daphnia,25,0,25,1,,,,,4/17/22,12,,85,,,1,246,0,
580,daphnia,25,0,25,1,,,,,4/19/22,14,,90,,,1,NA,,
581,daphnia,25,0,25,1,,,,,4/23/22,18,,88,,,1,143,1,
582,daphnia,25,0,25,1,,,,,4/17/22,12,,84,,,1,251,0,
583,daphnia,25,0,25,1,,,,,4/21/22,16,,90,,,1,179,1,
584,daphnia,25,0,25,1,,,,,4/20/22,15,,95,,,1,226,1,
585,daphnia,25,0,25,1,,,,,4/20/22,15,,85,,,1,140,1,
586,daphnia,25,0,25,1,,,,,4/20/22,15,,95,,,1,216,1,
587,daphnia,25,0,25,1,,,,,4/23/22,18,,82,,,1,89,1,
588,daphnia,25,0,25,1,,,,,4/22/22,17,,83,,,1,148,1,
589,daphnia,25,0,25,1,,,,,4/20/22,15,,82,,,1,153,1,
590,daphnia,25,0,25,1,,,,,4/22/22,17,,83,,,1,164,1,
591,daphnia,25,0,25,1,,,,,4/22/22,17,,NA,,,1,182,1,
592,daphnia,25,0,25,1,,,,,4/17/22,12,,90,,,1,178,0,
593,daphnia,25,0,25,1,,,,,4/21/22,16,,89,,,1,195,1,
594,daphnia,25,0,25,1,,1,,,NA,NA,5/18/22,87,1,-2,0,NA,,
595,daphnia,25,0,25,1,,,,,4/20/22,15,,90,,,1,185,1,
596,daphnia,25,0,25,1,,,,,4/19/22,14,,82,,,1,NA,,
597,daphnia,25,0,25,1,,,,,4/12/22,7,,65,,,NA,NA,,
598,daphnia,25,0,25,1,,,,,4/20/22,15,,80,,,1,182,1,
599,daphnia,25,0,25,1,,,,,4/17/22,12,,85,,,1,176,0,
600,daphnia,25,0,25,1,,,,,4/20/22,15,,87,,,1,199,1,
601,cerio,15,0,15,1,,1,,,NA,NA,5/17/22,NA,,,0,NA,,
602,cerio,15,0,15,1,,1,,,NA,NA,5/17/22,NA,,,0,NA,,
603,cerio,15,0,15,1,,1,,,NA,NA,5/17/22,NA,,,0,NA,,
604,cerio,15,0,15,1,1,1,,,NA,NA,5/1/22,35,,,0,NA,,
605,cerio,15,0,15,1,,1,,,NA,NA,5/17/22,NA,,,0,NA,,
606,cerio,15,0,15,1,,1,,,NA,NA,5/17/22,NA,,,0,NA,,
607,cerio,15,0,15,1,,1,,,NA,NA,5/17/22,NA,,,0,NA,,
608,cerio,15,0,15,1,,1,,,NA,NA,5/17/22,NA,,,0,NA,,
609,cerio,15,0,15,1,,1,,,NA,NA,5/17/22,NA,,,0,NA,,
610,cerio,15,0,15,1,,1,,,NA,NA,5/17/22,NA,,,0,NA,,
611,cerio,15,0,15,1,,1,,,NA,NA,5/17/22,NA,,,0,NA,,
612,cerio,15,0,15,1,,1,,,NA,NA,5/17/22,NA,,,0,NA,,
613,cerio,15,0,15,1,,1,,,NA,NA,5/17/22,NA,,,0,NA,,
614,cerio,15,0,15,1,,1,,,NA,NA,5/17/22,NA,,,0,NA,,
615,cerio,15,0,15,1,,1,,,NA,NA,5/17/22,NA,,,0,NA,,
616,cerio,15,0,15,1,,1,,,NA,NA,5/17/22,NA,,,0,NA,,
617,cerio,15,0,15,1,,1,,,NA,NA,5/17/22,NA,,,0,NA,,
618,cerio,15,0,15,1,,1,,,NA,NA,5/17/22,NA,,,0,NA,,
619,cerio,15,0,15,1,,1,,,NA,NA,5/17/22,NA,,,0,NA,,
620,cerio,15,0,15,1,,1,,,NA,NA,5/17/22,NA,,,0,NA,,
621,cerio,15,0,15,1,,,,,5/3/22,28,,NA,,,1,35,0,
622,cerio,15,0,15,1,,1,,,NA,NA,5/17/22,NA,,,0,NA,,
623,cerio,15,0,15,1,,1,,,NA,NA,5/17/22,NA,,,0,NA,,
624,cerio,15,0,15,1,,1,,,NA,NA,5/17/22,NA,,,0,NA,,
625,cerio,15,0,15,1,,,,,4/21/22,16,,34,,,0,NA,,still barely alive when length measured
626,cerio,15,0,15,1,,,,,5/3/22,28,,NA,,,1,52,0,
627,cerio,15,0,15,1,,1,,,NA,NA,5/17/22,NA,,,0,NA,,
628,cerio,15,0,15,1,,1,,,NA,NA,5/17/22,NA,,,0,NA,,
629,cerio,15,0,15,1,,,,,4/29/22,24,,34,,,1,4,0,
630,cerio,15,0,15,1,,1,,,NA,NA,5/17/22,NA,,,0,NA,,
631,cerio,15,0,15,1,,,,,5/5/22,30,,NA,,,1,51,0,
632,cerio,15,0,15,1,,,,,4/26/22,21,,35,,,1,15,0,
633,cerio,15,0,15,1,,1,,,NA,NA,5/17/22,NA,,,0,NA,,
634,cerio,15,0,15,1,,,,1,NA,NA,4/14/22,NA,,,NA,NA,,
635,cerio,15,0,15,1,,1,,,NA,NA,5/17/22,NA,,,0,NA,,
636,cerio,15,0,15,1,,1,,,NA,NA,5/17/22,NA,,,0,NA,,
637,cerio,15,0,15,1,,,,,5/4/22,29,,37,,,1,32,0,
638,cerio,15,0,15,1,,,,,5/4/22,29,,NA,,,1,40,0,
639,cerio,15,0,15,1,,,,1,NA,NA,4/19/22,NA,,,NA,NA,,
640,cerio,15,0,15,1,,1,,,NA,NA,5/17/22,NA,,,0,NA,,
641,cerio,15,0,15,1,,1,,,NA,NA,5/17/22,NA,,,0,NA,,
642,cerio,15,0,15,1,,,,,5/11/22,36,,41,,,0,NA,,
643,cerio,15,0,15,1,1,1,,,NA,NA,5/1/22,34,,,0,NA,,
644,cerio,15,0,15,1,,1,,,NA,NA,5/17/22,NA,,,0,NA,,
645,cerio,15,0,15,1,,1,,,NA,NA,5/17/22,NA,,,0,NA,,
646,cerio,15,0,15,1,,,,,5/4/22,29,,NA,,,1,22,0,
647,cerio,15,0,15,1,,1,,,NA,NA,5/17/22,NA,,,0,NA,,
648,cerio,15,0,15,1,,1,,,NA,NA,5/17/22,NA,,,0,NA,,
649,cerio,15,0,15,1,,1,,,NA,NA,5/17/22,NA,,,0,NA,,
650,cerio,15,0,15,1,,1,,,NA,NA,5/17/22,NA,,,0,NA,,
651,cerio,20,0,20,1,,1,,,NA,NA,5/17/22,NA,,,0,NA,,
652,cerio,20,0,20,1,,1,,,NA,NA,5/17/22,NA,,,0,NA,,
653,cerio,20,0,20,1,,1,,,NA,NA,5/17/22,NA,,,0,NA,,
654,cerio,20,0,20,1,,1,,,NA,NA,5/17/22,NA,,,0,NA,,
655,cerio,20,0,20,1,,1,,,NA,NA,5/17/22,NA,,,0,NA,,
656,cerio,20,0,20,1,,1,,,NA,NA,5/17/22,NA,,,0,NA,,
657,cerio,20,0,20,1,,1,,,NA,NA,5/17/22,NA,,,0,NA,,
658,cerio,20,0,20,1,,1,,,NA,NA,5/17/22,NA,,,0,NA,,
659,cerio,20,0,20,1,,1,,,NA,NA,5/17/22,NA,,,0,NA,,
660,cerio,20,0,20,1,,1,,,NA,NA,5/17/22,NA,,,0,NA,,
661,cerio,20,0,20,1,,,,,4/30/22,25,,36,,,0,NA,,
662,cerio,20,0,20,1,,1,,,NA,NA,5/17/22,NA,,,0,NA,,
663,cerio,20,0,20,1,,1,,,NA,NA,5/17/22,NA,,,0,NA,,
664,cerio,20,0,20,1,,1,,,NA,NA,5/17/22,NA,,,0,NA,,
665,cerio,20,0,20,1,,1,,,NA,NA,5/17/22,NA,,,0,NA,,
666,cerio,20,0,20,1,,,,,4/22/22,17,,NA,,,0,0,0,
667,cerio,20,0,20,1,,,,,NA,NA,4/11/22,NA,,,NA,NA,,
668,cerio,20,0,20,1,,,,,4/23/22,18,,32,,,1,48,0,
669,cerio,20,0,20,1,,,,,4/22/22,17,,39,,,1,37,0,
670,cerio,20,0,20,1,,,,,4/23/22,18,,39,,,1,28,0,
671,cerio,20,0,20,1,,,,,4/22/22,17,,40,,,1,20,0,
672,cerio,20,0,20,1,,,,,4/20/22,15,,33,,,1,15,1,
673,cerio,20,0,20,1,,,,,4/30/22,25,,32,,,1,41,0,
674,cerio,20,0,20,1,,,,,4/23/22,18,,35,,,1,45,1,
675,cerio,20,0,20,1,,1,,,NA,NA,5/17/22,NA,,,0,NA,,
678,cerio,20,0,20,1,,,,1,NA,NA,5/15/22,NA,,,NA,NA,,
679,cerio,20,0,20,1,,,,,4/20/22,15,,35,,,1,36,0,
680,cerio,20,0,20,1,,,,,4/23/22,18,,NA,,,1,33,1,
681,cerio,20,0,20,1,,1,,,NA,NA,5/17/22,NA,,,0,NA,,
682,cerio,20,0,20,1,,1,,,NA,NA,5/17/22,NA,,,0,NA,,
683,cerio,20,0,20,1,,,,,5/2/22,27,,39,,,0,NA,,
684,cerio,20,0,20,1,,1,,,NA,NA,5/17/22,NA,,,0,NA,,
685,cerio,20,0,20,1,,,,,4/20/22,15,,32,,,1,18,0,
686,cerio,20,0,20,1,,,,,4/24/22,19,,NA,,,1,44,0,
687,cerio,20,0,20,1,,1,,,NA,NA,5/17/22,NA,,,0,NA,,
688,cerio,20,0,20,1,,1,,,NA,NA,5/17/22,NA,,,0,NA,,
689,cerio,20,0,20,1,,,,,4/20/22,15,,38,,,1,13,0,
690,cerio,20,0,20,1,,,,,4/22/22,17,,36,,,1,76,0,
691,cerio,20,0,20,1,,,,1,NA,NA,4/21/22,NA,,,NA,NA,,
692,cerio,20,0,20,1,,,,,4/23/22,18,,33,,,1,43,0,
693,cerio,20,0,20,1,,,,,4/21/22,16,,31,,,0,0,0,
694,cerio,20,0,20,1,,,,,4/30/22,25,,36,,,0,NA,,
695,cerio,20,0,20,1,,1,,,NA,NA,5/17/22,NA,,,0,NA,,
696,cerio,20,0,20,1,,,,1,NA,NA,4/21/22,NA,,,NA,NA,,
697,cerio,20,0,20,1,,1,,,NA,NA,5/17/22,NA,,,0,NA,,
698,cerio,20,0,20,1,,1,,,NA,NA,5/17/22,NA,,,0,NA,,
699,cerio,20,0,20,1,,,,1,NA,NA,4/28/22,NA,,,NA,NA,,
700,cerio,20,0,20,1,,1,,,NA,NA,5/17/22,NA,,,0,NA,,
701,cerio,25,0,25,1,,,,,4/20/22,15,,37,,,1,4,0,
702,cerio,25,0,25,1,,1,,,NA,NA,5/17/22,NA,,,0,NA,,
703,cerio,25,0,25,1,,,,,5/10/22,35,,NA,,,0,NA,,
704,cerio,25,0,25,1,,,,,5/12/22,37,,45,,,0,NA,,
705,cerio,25,0,25,1,,,,1,NA,NA,4/22/22,NA,,,NA,NA,,
706,cerio,25,0,25,1,,,1,,NA,NA,4/16/22,39,,,NA,NA,,
707,cerio,25,0,25,1,,,,,5/14/22,39,,45,,,0,NA,,
708,cerio,25,0,25,1,,,,,4/28/22,23,,40,,,0,NA,,
709,cerio,25,0,25,1,,,,,5/10/22,35,,NA,,,0,NA,,
710,cerio,25,0,25,1,,,,1,NA,NA,5/3/22,NA,,,NA,NA,,
711,cerio,25,0,25,1,,1,,,NA,NA,5/17/22,NA,,,0,NA,,
712,cerio,25,0,25,1,,,,,4/29/22,24,,NA,,,NA,NA,,
713,cerio,25,0,25,1,,,,1,4/17/22,12,,NA,,,NA,NA,,
714,cerio,25,0,25,1,,,,,5/5/22,30,,46,,,0,NA,,
715,cerio,25,0,25,1,,,,,5/10/22,35,,NA,,,0,NA,,
716,cerio,25,0,25,1,,,,,4/20/22,15,,NA,,,1,11,0,
717,cerio,25,0,25,1,,,,,4/19/22,14,,39,,,1,37,0,
718,cerio,25,0,25,1,,1,,,NA,NA,5/17/22,NA,,,0,NA,,
719,cerio,25,0,25,1,,,,,4/19/22,14,,NA,,,1,13,0,
720,cerio,25,0,25,1,,,,,4/19/22,14,,33,,,1,33,0,
721,cerio,25,0,25,1,,,,,5/9/22,34,,NA,,,0,NA,,
726,cerio,25,0,25,1,,,,,4/18/22,13,,38,,,1,34,0,
727,cerio,25,0,25,1,,,,,4/19/22,14,,NA,,,1,48,0,
728,cerio,25,0,25,1,,,,,4/18/22,13,,33,,,1,33,0,
729,cerio,25,0,25,1,,,,,4/20/22,15,,NA,,,1,4,0,
730,cerio,25,0,25,1,,,,,4/18/22,13,,NA,,,1,45,0,
731,cerio,25,0,25,1,,1,,,NA,NA,5/17/22,NA,,,0,NA,,
732,cerio,25,0,25,1,,,,,4/19/22,14,,40,,,1,62,0,
733,cerio,25,0,25,1,,,,,4/21/22,16,,40,,,1,23,0,
734,cerio,25,0,25,1,,,,1,NA,NA,4/21/22,NA,,,NA,NA,,
735,cerio,25,0,25,1,,,,,4/18/22,13,,37,,,1,18,0,
736,cerio,25,0,25,1,,,,,4/17/22,12,,40,,,1,49,0,
737,cerio,25,0,25,1,,,,,4/29/22,24,,NA,,,0,NA,,
738,cerio,25,0,25,1,,,,1,NA,NA,4/10/22,NA,,,NA,NA,,
739,cerio,25,0,25,1,,,,,4/17/22,12,,41,,,1,62,0,
740,cerio,25,0,25,1,,,,,4/19/22,14,,33,,,1,15,0,
741,cerio,25,0,25,1,,,,,4/19/22,14,,NA,,,1,28,0,
742,cerio,25,0,25,1,,,,,4/19/22,14,,NA,,,1,NA,,
743,cerio,25,0,25,1,,,,,4/20/22,15,,36,,,1,21,0,
744,cerio,25,0,25,1,,,,,4/18/22,13,,NA,,,1,39,0,
745,cerio,25,0,25,1,,,,,4/21/22,16,,42,,,1,50,0,
746,cerio,25,0,25,1,,1,,,NA,NA,5/17/22,NA,,,0,NA,,
747,cerio,25,0,25,1,,,,1,NA,NA,4/10/22,NA,,,NA,NA,,
748,cerio,25,0,25,1,,,,,4/19/22,14,,NA,,,1,NA,,
749,cerio,25,0,25,1,,,,,4/24/22,19,,NA,,,1,48,0,
750,cerio,25,0,25,1,,,,,4/19/22,14,,32,,,1,41,0,