tube,temp,resource,species,exposed,male,removed,KBP,missing,mortality_day,end_data_date,length_RAW,length_mag_correction,lm_corr_factor,inf,spore_RAW,spore_water_added,length
136,14V,1,D,0,NA,NA,1,NA,NA,5/7/22,100,1,1,0,NA,NA,2
693,20,1,C,1,NA,NA,NA,NA,4/21/22,NA,31,NA,NA,0,0,0,0.55366
668,20,1,C,1,NA,NA,NA,NA,4/23/22,NA,32,NA,NA,1,48,0,0.57152
673,20,1,C,1,NA,NA,NA,NA,4/30/22,NA,32,NA,NA,1,41,0,0.57152
685,20,1,C,1,NA,NA,NA,NA,4/20/22,NA,32,NA,NA,1,18,0,0.57152
750,25,1,C,1,NA,NA,NA,NA,4/19/22,NA,32,NA,NA,1,41,0,0.57152
172,15,0.1,D,1,NA,NA,NA,NA,4/12/22,NA,33,NA,NA,NA,NA,NA,0.58938
672,20,1,C,1,NA,NA,NA,NA,4/20/22,NA,33,NA,NA,1,15,1,0.58938
692,20,1,C,1,NA,NA,NA,NA,4/23/22,NA,33,NA,NA,1,43,0,0.58938
720,25,1,C,1,NA,NA,NA,NA,4/19/22,NA,33,NA,NA,1,33,0,0.58938
728,25,1,C,1,NA,NA,NA,NA,4/18/22,NA,33,NA,NA,1,33,0,0.58938
740,25,1,C,1,NA,NA,NA,NA,4/19/22,NA,33,NA,NA,1,15,0,0.58938
625,15,1,C,1,NA,NA,NA,NA,4/21/22,NA,34,NA,NA,0,NA,NA,0.60724
629,15,1,C,1,NA,NA,NA,NA,4/29/22,NA,34,NA,NA,1,4,0,0.60724
643,15,1,C,1,1,1,NA,NA,NA,5/1/22,34,NA,NA,0,NA,NA,0.60724
159,15,0.1,D,0,NA,NA,NA,NA,4/15/22,NA,35,NA,NA,NA,NA,NA,0.6251
205,15,0.1,D,1,NA,NA,NA,NA,4/14/22,NA,35,NA,NA,NA,NA,NA,0.6251
305,15,1,D,1,NA,NA,NA,NA,4/14/22,NA,35,NA,NA,NA,NA,NA,0.6251
604,15,1,C,0,1,1,NA,NA,NA,5/1/22,35,NA,NA,0,NA,NA,0.6251
632,15,1,C,1,NA,NA,NA,NA,4/26/22,NA,35,NA,NA,1,15,0,0.6251
674,20,1,C,1,NA,NA,NA,NA,4/23/22,NA,35,NA,NA,1,45,1,0.6251
679,20,1,C,1,NA,NA,NA,NA,4/20/22,NA,35,NA,NA,1,36,0,0.6251
206,15,0.1,D,1,NA,NA,NA,NA,4/12/22,NA,36,NA,NA,NA,NA,NA,0.64296
661,20,1,C,0,NA,NA,NA,NA,4/30/22,NA,36,NA,NA,0,NA,NA,0.64296
690,20,1,C,1,NA,NA,NA,NA,4/22/22,NA,36,NA,NA,1,76,0,0.64296
694,20,1,C,1,NA,NA,NA,NA,4/30/22,NA,36,NA,NA,0,NA,NA,0.64296
743,25,1,C,1,NA,NA,NA,NA,4/20/22,NA,36,NA,NA,1,21,0,0.64296
637,15,1,C,1,NA,NA,NA,NA,5/4/22,NA,37,NA,NA,1,32,0,0.66082
701,25,1,C,0,NA,NA,NA,NA,4/20/22,NA,37,NA,NA,1,4,0,0.66082
735,25,1,C,1,NA,NA,NA,NA,4/18/22,NA,37,NA,NA,1,18,0,0.66082
689,20,1,C,1,NA,NA,NA,NA,4/20/22,NA,38,NA,NA,1,13,0,0.67868
726,25,1,C,1,NA,NA,NA,NA,4/18/22,NA,38,NA,NA,1,34,0,0.67868
669,20,1,C,1,NA,NA,NA,NA,4/22/22,NA,39,NA,NA,1,37,0,0.69654
670,20,1,C,1,NA,NA,NA,NA,4/23/22,NA,39,NA,NA,1,28,0,0.69654
683,20,1,C,1,NA,NA,NA,NA,5/2/22,NA,39,NA,NA,0,NA,NA,0.69654
706,25,1,C,0,NA,NA,1,NA,NA,4/16/22,39,NA,NA,NA,NA,NA,0.69654
717,25,1,C,1,NA,NA,NA,NA,4/19/22,NA,39,NA,NA,1,37,0,0.69654
163,15,0.1,D,0,NA,NA,NA,NA,4/12/22,NA,40,NA,NA,NA,NA,NA,0.7144
185,15,0.1,D,1,NA,NA,NA,NA,4/13/22,NA,40,NA,NA,NA,NA,NA,0.7144
188,15,0.1,D,1,NA,NA,NA,NA,4/13/22,NA,40,NA,NA,NA,NA,NA,0.7144
242,15,0.5,D,1,NA,NA,NA,NA,5/4/22,NA,40,NA,NA,0,0,1,0.7144
260,15,0.5,D,1,NA,NA,NA,NA,4/14/22,NA,40,NA,NA,NA,NA,NA,0.7144
671,20,1,C,1,NA,NA,NA,NA,4/22/22,NA,40,NA,NA,1,20,0,0.7144
708,25,1,C,0,NA,NA,NA,NA,4/28/22,NA,40,NA,NA,0,NA,NA,0.7144
732,25,1,C,1,NA,NA,NA,NA,4/19/22,NA,40,NA,NA,1,62,0,0.7144
733,25,1,C,1,NA,NA,NA,NA,4/21/22,NA,40,NA,NA,1,23,0,0.7144
736,25,1,C,1,NA,NA,NA,NA,4/17/22,NA,40,NA,NA,1,49,0,0.7144
204,15,0.1,D,1,NA,NA,NA,NA,4/14/22,NA,41,NA,NA,NA,NA,NA,0.73226
642,15,1,C,1,NA,NA,NA,NA,5/11/22,NA,41,NA,NA,0,NA,NA,0.73226
739,25,1,C,1,NA,NA,NA,NA,4/17/22,NA,41,NA,NA,1,62,0,0.73226
168,15,0.1,D,1,NA,NA,NA,NA,4/14/22,NA,42,NA,NA,NA,NA,NA,0.75012
745,25,1,C,1,NA,NA,NA,NA,4/21/22,NA,42,NA,NA,1,50,0,0.75012
194,15,0.1,D,1,NA,NA,NA,NA,4/14/22,NA,43,NA,NA,NA,NA,NA,0.76798
248,15,0.5,D,1,NA,NA,NA,NA,4/15/22,NA,43,NA,NA,NA,NA,NA,0.76798
167,15,0.1,D,1,NA,NA,NA,NA,4/14/22,NA,44,NA,NA,NA,NA,NA,0.78584
186,15,0.1,D,1,NA,NA,NA,NA,4/14/22,NA,44,NA,NA,NA,NA,NA,0.78584
191,15,0.1,D,1,NA,NA,NA,NA,4/14/22,NA,45,NA,NA,NA,NA,NA,0.8037
704,25,1,C,0,NA,NA,NA,NA,5/12/22,NA,45,NA,NA,0,NA,NA,0.8037
707,25,1,C,0,NA,NA,NA,NA,5/14/22,NA,45,NA,NA,0,NA,NA,0.8037
162,15,0.1,D,0,NA,NA,NA,NA,4/16/22,NA,46,NA,NA,NA,NA,NA,0.82156
175,15,0.1,D,1,NA,NA,NA,NA,4/14/22,NA,46,NA,NA,NA,NA,NA,0.82156
265,15,0.5,D,1,NA,NA,NA,NA,4/15/22,NA,46,NA,NA,NA,NA,NA,0.82156
292,15,1,D,1,NA,NA,NA,NA,4/15/22,NA,46,NA,NA,NA,NA,NA,0.82156
714,25,1,C,0,NA,NA,NA,NA,5/5/22,NA,46,NA,NA,0,NA,NA,0.82156
173,15,0.1,D,1,NA,NA,NA,NA,4/15/22,NA,48,NA,NA,NA,NA,NA,0.85728
181,15,0.1,D,1,NA,NA,NA,NA,4/13/22,NA,50,NA,NA,NA,NA,NA,0.893
182,15,0.1,D,1,NA,NA,NA,NA,4/13/22,NA,51,NA,NA,NA,NA,NA,0.91086
19,2V,1,D,1,NA,NA,NA,NA,4/10/22,NA,52,NA,NA,NA,NA,NA,0.92872
417,20,0.5,D,1,1,NA,NA,NA,4/22/22,NA,52,NA,NA,0,0,1,0.92872
357,20,0.1,D,1,1,NA,NA,NA,4/20/22,NA,53,NA,NA,1,69,0,0.94658
348,20,0.1,D,1,NA,NA,NA,NA,4/23/22,NA,54,NA,NA,1,29,1,0.96444
358,20,0.1,D,1,1,1,NA,NA,NA,4/30/22,54,NA,NA,0,NA,NA,0.96444
213,15,0.5,D,0,NA,NA,NA,NA,5/1/22,NA,55,NA,NA,0,NA,NA,0.9823
187,15,0.1,D,1,NA,NA,NA,NA,4/17/22,NA,56,NA,NA,NA,NA,NA,1.00016
200,15,0.1,D,1,NA,NA,NA,NA,4/16/22,NA,56,NA,NA,NA,NA,NA,1.00016
226,15,0.5,D,1,1,1,NA,NA,NA,5/1/22,56,NA,NA,0,NA,NA,1.00016
269,15,0.5,D,1,1,1,NA,NA,NA,5/1/22,56,NA,NA,0,NA,NA,1.00016
174,15,0.1,D,1,1,1,NA,NA,NA,5/5/22,57,NA,NA,0,NA,NA,1.01802
230,15,0.5,D,1,1,1,NA,NA,NA,5/1/22,57,NA,NA,0,NA,NA,1.01802
277,15,1,D,0,1,1,NA,NA,NA,5/5/22,57,NA,NA,0,NA,NA,1.01802
374,20,0.1,D,1,NA,NA,NA,NA,4/22/22,NA,57,NA,NA,1,31,1,1.01802
432,20,1,D,0,1,NA,1,NA,NA,4/23/22,57,NA,NA,0,1,1,1.01802
509,25,0.1,D,1,NA,NA,NA,NA,4/26/22,NA,57,NA,NA,1,44,1,1.01802
142,14V,1,D,0,1,1,NA,NA,NA,4/30/22,58,NA,NA,0,NA,NA,1.03588
238,15,0.5,D,1,1,1,NA,NA,NA,5/1/22,58,NA,NA,0,NA,NA,1.03588
359,20,0.1,D,1,1,NA,NA,NA,4/24/22,NA,59,NA,NA,1,34,1,1.05374
381,20,0.5,D,0,1,1,NA,NA,NA,5/1/22,59,NA,NA,0,NA,NA,1.05374
389,20,0.5,D,0,1,1,NA,NA,NA,5/1/22,59,NA,NA,0,NA,NA,1.05374
392,20,0.5,D,1,NA,NA,NA,NA,4/22/22,NA,59,NA,NA,1,34,1,1.05374
80,6V,1,D,1,1,NA,NA,NA,NA,4/30/22,60,NA,NA,0,NA,NA,1.0716
128,14V,1,D,1,1,NA,NA,NA,4/21/22,NA,60,NA,NA,1,39,1,1.0716
229,15,0.5,D,1,NA,NA,NA,NA,5/12/22,NA,60,NA,NA,1,40,1,1.0716
503,25,0.1,D,1,1,NA,NA,NA,4/21/22,NA,60,NA,NA,1,92,0,1.0716
39,2V,1,D,0,1,NA,NA,NA,4/30/22,NA,61,NA,NA,0,NA,NA,1.08946
123,14V,1,D,1,1,NA,NA,NA,4/25/22,NA,61,NA,NA,1,27,1,1.08946
406,20,0.5,D,1,1,1,NA,NA,NA,5/1/22,61,NA,NA,0,NA,NA,1.08946
415,20,0.5,D,1,1,1,NA,NA,NA,5/1/22,61,NA,NA,0,NA,NA,1.08946
435,20,1,D,0,1,1,NA,NA,NA,5/1/22,61,NA,NA,0,NA,NA,1.08946
539,25,0.5,D,1,1,1,NA,NA,NA,4/16/22,61,NA,NA,1,70,0,1.08946
554,25,0.5,D,1,1,1,NA,NA,NA,4/16/22,61,NA,NA,1,NA,NA,1.08946
145,14V,1,D,0,1,1,NA,NA,NA,5/1/22,62,NA,NA,0,NA,NA,1.10732
147,14V,1,D,0,1,1,NA,NA,NA,4/30/22,62,NA,NA,0,NA,NA,1.10732
399,20,0.5,D,1,1,NA,NA,NA,4/24/22,NA,62,NA,NA,1,27,1,1.10732
403,20,0.5,D,1,1,1,NA,NA,NA,5/1/22,62,NA,NA,0,NA,NA,1.10732
555,25,0.5,D,1,1,1,NA,NA,NA,4/16/22,62,NA,NA,1,104,0,1.10732
342,20,0.1,D,0,1,1,NA,NA,NA,5/1/22,63,NA,NA,0,NA,NA,1.12518
421,20,1,D,0,1,1,NA,NA,NA,5/1/22,63,NA,NA,0,NA,NA,1.12518
96,6V,1,D,0,1,1,NA,NA,NA,4/30/22,64,NA,NA,0,NA,NA,1.14304
258,15,0.5,D,1,NA,NA,NA,NA,4/22/22,NA,64,NA,NA,0,0,1,1.14304
368,20,0.1,D,1,1,NA,NA,NA,4/23/22,NA,64,NA,NA,1,27,1,1.14304
313,15,1,D,1,NA,NA,NA,NA,4/14/22,NA,65,NA,NA,NA,NA,NA,1.1609
466,25,0.1,D,0,NA,NA,NA,NA,4/13/22,NA,65,NA,NA,0,NA,NA,1.1609
597,25,1,D,1,NA,NA,NA,NA,4/12/22,NA,65,NA,NA,NA,NA,NA,1.1609
50,2V,1,D,0,1,NA,NA,NA,NA,5/1/22,66,NA,NA,0,NA,NA,1.17876
364,20,0.1,D,1,NA,NA,NA,NA,4/29/22,NA,67,NA,NA,1,110,1,1.19662
16,2V,1,D,1,NA,NA,NA,NA,4/20/22,NA,69,NA,NA,1,211,0,1.23234
551,25,0.5,D,1,NA,NA,NA,NA,4/19/22,NA,69,NA,NA,1,134,0,1.23234
126,14V,1,D,1,NA,NA,NA,NA,4/22/22,NA,70,NA,NA,1,87,1,1.2502
516,25,0.5,D,0,NA,NA,NA,NA,4/10/22,NA,70,NA,NA,NA,NA,NA,1.2502
520,25,0.5,D,0,NA,NA,NA,NA,4/10/22,NA,70,NA,NA,NA,NA,NA,1.2502
545,25,0.5,D,1,NA,NA,NA,NA,4/10/22,NA,70,NA,NA,NA,NA,NA,1.2502
378,20,0.5,D,0,NA,NA,1,NA,NA,4/15/22,71,NA,NA,NA,NA,NA,1.26806
501,25,0.1,D,1,NA,NA,NA,NA,4/20/22,NA,71,NA,NA,1,96,0,1.26806
411,20,0.5,D,1,NA,NA,NA,NA,4/25/22,NA,72,NA,NA,1,132,1,1.28592
518,25,0.5,D,0,NA,NA,NA,NA,4/10/22,NA,72,NA,NA,NA,NA,NA,1.28592
553,25,0.5,D,1,NA,NA,NA,NA,4/17/22,NA,72,NA,NA,1,127,0,1.28592
346,20,0.1,D,1,NA,NA,NA,NA,4/29/22,NA,73,NA,NA,1,108,1,1.30378
491,25,0.1,D,1,NA,NA,NA,NA,4/23/22,NA,73,NA,NA,1,74,1,1.30378
251,15,0.5,D,1,NA,NA,NA,NA,5/4/22,NA,74,NA,NA,0,0,1,1.32164
363,20,0.1,D,1,NA,NA,NA,NA,4/24/22,NA,74,NA,NA,1,77,1,1.32164
367,20,0.1,D,1,NA,NA,NA,NA,4/16/22,NA,74,NA,NA,NA,NA,NA,1.32164
404,20,0.5,D,1,NA,NA,NA,NA,4/23/22,NA,74,NA,NA,1,57,1,1.32164
471,25,0.1,D,0,NA,NA,NA,NA,4/14/22,NA,74,NA,NA,NA,NA,NA,1.32164
482,25,0.1,D,1,NA,NA,NA,NA,4/14/22,NA,74,NA,NA,NA,NA,NA,1.32164
550,25,0.5,D,1,NA,NA,NA,NA,4/19/22,NA,74,NA,NA,1,192,1,1.32164
121,14V,1,D,1,NA,NA,NA,NA,4/23/22,NA,75,NA,NA,1,69,1,1.3395
355,20,0.1,D,1,NA,NA,NA,NA,4/29/22,NA,75,NA,NA,1,76,1,1.3395
439,20,1,D,1,NA,NA,NA,NA,4/26/22,NA,75,NA,NA,1,98,1,1.3395
526,25,0.5,D,1,NA,NA,NA,NA,4/20/22,NA,75,NA,NA,1,269,0,1.3395
528,25,0.5,D,1,NA,NA,NA,NA,4/18/22,NA,75,NA,NA,1,242,0,1.3395
535,25,0.5,D,1,NA,NA,NA,NA,4/20/22,NA,75,NA,NA,1,136,1,1.3395
23,2V,1,D,1,NA,NA,NA,NA,4/22/22,NA,76,NA,NA,1,109,1,1.35736
337,20,0.1,D,0,NA,NA,1,NA,NA,4/23/22,76,NA,NA,0,NA,NA,1.35736
350,20,0.1,D,1,NA,NA,NA,NA,4/28/22,NA,76,NA,NA,1,83,1,1.35736
351,20,0.1,D,1,NA,NA,NA,NA,5/1/22,NA,76,NA,NA,1,126,1,1.35736
371,20,0.1,D,1,NA,NA,NA,NA,4/23/22,NA,76,NA,NA,1,29,1,1.35736
461,20,1,D,1,NA,NA,NA,NA,4/24/22,NA,76,NA,NA,1,84,1,1.35736
552,25,0.5,D,1,NA,NA,NA,NA,4/20/22,NA,76,NA,NA,1,135,1,1.35736
573,25,1,D,1,NA,NA,NA,NA,4/14/22,NA,76,NA,NA,NA,NA,NA,1.35736
365,20,0.1,D,1,NA,1,NA,NA,4/30/22,NA,77,NA,NA,1,101,1,1.37522
369,20,0.1,D,1,NA,NA,NA,NA,4/29/22,NA,77,NA,NA,1,134,1,1.37522
405,20,0.5,D,1,NA,NA,NA,NA,4/25/22,NA,77,NA,NA,1,106,1,1.37522
407,20,0.5,D,1,NA,NA,NA,NA,4/21/22,NA,77,NA,NA,0,0,1,1.37522
414,20,0.5,D,1,NA,NA,NA,NA,4/22/22,NA,77,NA,NA,1,88,1,1.37522
493,25,0.1,D,1,NA,NA,NA,NA,4/24/22,NA,77,NA,NA,1,88,1,1.37522
495,25,0.1,D,1,NA,NA,NA,NA,4/21/22,NA,77,NA,NA,1,101,0,1.37522
498,25,0.1,D,1,NA,NA,NA,NA,4/22/22,NA,77,NA,NA,1,83,1,1.37522
504,25,0.1,D,1,NA,NA,NA,NA,4/23/22,NA,77,NA,NA,1,73,1,1.37522
541,25,0.5,D,1,NA,NA,NA,NA,4/16/22,NA,77,NA,NA,NA,NA,NA,1.37522
165,15,0.1,D,0,NA,NA,NA,NA,5/23/22,NA,78,NA,NA,0,NA,NA,1.39308
298,15,1,D,1,NA,1,NA,NA,NA,5/18/22,78,NA,NA,0,NA,NA,1.39308
442,20,1,D,1,NA,NA,NA,NA,4/22/22,NA,78,NA,NA,1,97,1,1.39308
449,20,1,D,1,NA,NA,NA,NA,4/24/22,NA,78,NA,NA,1,68,1,1.39308
452,20,1,D,1,NA,NA,NA,NA,4/29/22,NA,78,NA,NA,1,156,1,1.39308
486,25,0.1,D,1,NA,NA,NA,NA,4/18/22,NA,78,NA,NA,1,111,0,1.39308
494,25,0.1,D,1,NA,NA,NA,NA,4/23/22,NA,78,NA,NA,1,99,1,1.39308
575,25,1,D,1,NA,NA,NA,NA,4/20/22,NA,78,NA,NA,1,130,1,1.39308
15,2V,1,D,1,NA,NA,NA,NA,4/23/22,NA,79,NA,NA,1,104,1,1.41094
131,14V,1,D,1,NA,NA,NA,NA,4/25/22,NA,79,NA,NA,1,80,1,1.41094
166,15,0.1,D,1,NA,NA,NA,NA,5/21/22,NA,79,NA,NA,1,104,1,1.41094
304,15,1,D,1,NA,NA,NA,NA,5/21/22,NA,79,NA,NA,1,118,1,1.41094
352,20,0.1,D,1,NA,NA,NA,NA,4/29/22,NA,79,NA,NA,1,99,1,1.41094
416,20,0.5,D,1,NA,NA,NA,NA,4/25/22,NA,79,NA,NA,1,90,1,1.41094
490,25,0.1,D,1,NA,NA,NA,NA,4/24/22,NA,79,NA,NA,1,95,1,1.41094
497,25,0.1,D,1,NA,NA,NA,NA,4/17/22,NA,79,NA,NA,1,80,0,1.41094
8,2V,1,D,1,NA,NA,NA,NA,4/20/22,NA,80,NA,NA,1,192,0,1.4288
122,14V,1,D,1,NA,NA,NA,NA,4/24/22,NA,80,NA,NA,1,77,1,1.4288
354,20,0.1,D,1,NA,NA,NA,NA,4/27/22,NA,80,NA,NA,1,97,1,1.4288
456,20,1,D,1,NA,NA,NA,NA,4/29/22,NA,80,NA,NA,1,139,1,1.4288
459,20,1,D,1,NA,NA,NA,NA,4/30/22,NA,80,NA,NA,1,205,1,1.4288
500,25,0.1,D,1,NA,NA,NA,NA,4/24/22,NA,80,NA,NA,1,89,1,1.4288
508,25,0.1,D,1,NA,NA,NA,NA,4/24/22,NA,80,NA,NA,1,91,1,1.4288
547,25,0.5,D,1,NA,NA,NA,NA,4/20/22,NA,80,NA,NA,1,141,1,1.4288
598,25,1,D,1,NA,NA,NA,NA,4/20/22,NA,80,NA,NA,1,182,1,1.4288
140,14V,1,D,0,NA,1,NA,NA,NA,5/23/22,81,NA,NA,0,NA,NA,1.44666
164,15,0.1,D,0,NA,NA,NA,NA,5/23/22,NA,81,NA,NA,0,NA,NA,1.44666
184,15,0.1,D,1,NA,1,NA,NA,NA,5/18/22,81,NA,NA,0,NA,NA,1.44666
286,15,1,D,1,NA,1,NA,NA,NA,5/18/22,81,NA,NA,0,NA,NA,1.44666
319,15,1,D,1,NA,1,NA,NA,NA,5/18/22,81,NA,NA,0,NA,NA,1.44666
347,20,0.1,D,1,NA,NA,NA,NA,4/30/22,NA,81,NA,NA,1,118,1,1.44666
353,20,0.1,D,1,NA,NA,NA,NA,4/29/22,NA,81,NA,NA,1,76,1,1.44666
418,20,0.5,D,1,NA,NA,NA,NA,4/29/22,NA,81,NA,NA,1,101,1,1.44666
505,25,0.1,D,1,NA,NA,NA,NA,4/24/22,NA,81,NA,NA,1,64,1,1.44666
538,25,0.5,D,1,NA,NA,NA,NA,4/17/22,NA,81,NA,NA,1,165,0,1.44666
3,2V,1,D,1,NA,NA,NA,NA,4/23/22,NA,82,NA,NA,1,99,1,1.46452
11,2V,1,D,1,NA,NA,NA,NA,4/22/22,NA,82,NA,NA,1,112,1,1.46452
12,2V,1,D,1,NA,NA,NA,NA,4/22/22,NA,82,NA,NA,1,87,1,1.46452
21,2V,1,D,1,NA,NA,NA,NA,4/22/22,NA,82,NA,NA,1,170,1,1.46452
22,2V,1,D,1,NA,NA,NA,NA,4/23/22,NA,82,NA,NA,1,88,1,1.46452
130,14V,1,D,1,NA,NA,NA,NA,4/22/22,NA,82,NA,NA,1,86,1,1.46452
133,14V,1,D,1,NA,NA,NA,NA,4/23/22,NA,82,NA,NA,1,79,1,1.46452
151,15,0.1,D,0,NA,1,NA,NA,NA,5/23/22,82,NA,NA,0,NA,NA,1.46452
180,15,0.1,D,1,NA,1,NA,NA,NA,5/18/22,82,NA,NA,0,NA,NA,1.46452
215,15,0.5,D,0,NA,NA,NA,NA,5/21/22,NA,82,NA,NA,0,NA,NA,1.46452
280,15,1,D,0,NA,1,NA,NA,NA,5/23/22,82,NA,NA,0,NA,NA,1.46452
307,15,1,D,1,NA,1,NA,NA,NA,5/18/22,82,NA,NA,0,NA,NA,1.46452
349,20,0.1,D,1,NA,NA,NA,NA,5/2/22,NA,82,NA,NA,1,142,1,1.46452
443,20,1,D,1,NA,NA,NA,NA,4/25/22,NA,82,NA,NA,1,100,1,1.46452
451,20,1,D,1,NA,NA,NA,NA,4/5/22,NA,82,NA,NA,1,92,1,1.46452
540,25,0.5,D,1,NA,NA,NA,NA,4/17/22,NA,82,NA,NA,1,213,0,1.46452
587,25,1,D,1,NA,NA,NA,NA,4/23/22,NA,82,NA,NA,1,89,1,1.46452
589,25,1,D,1,NA,NA,NA,NA,4/20/22,NA,82,NA,NA,1,153,1,1.46452
596,25,1,D,1,NA,NA,NA,NA,4/19/22,NA,82,NA,NA,1,NA,NA,1.46452
5,2V,1,D,1,NA,NA,NA,NA,4/6/22,NA,83,NA,NA,1,80,1,1.48238
28,2V,1,D,1,NA,NA,NA,NA,4/20/22,NA,83,NA,NA,1,218,0,1.48238
29,2V,1,D,1,NA,NA,NA,NA,4/23/22,NA,83,NA,NA,1,140,1,1.48238
61,6V,1,D,1,NA,NA,NA,NA,4/22/22,NA,83,NA,NA,1,122,1,1.48238
73,6V,1,D,1,NA,NA,NA,NA,4/25/22,NA,83,NA,NA,1,102,1,1.48238
117,14V,1,D,1,NA,NA,NA,NA,4/26/22,NA,83,NA,NA,1,67,1,1.48238
179,15,0.1,D,1,NA,1,NA,NA,NA,5/18/22,83,NA,NA,0,NA,NA,1.48238
193,15,0.1,D,1,NA,1,NA,NA,NA,5/18/22,83,NA,NA,0,NA,NA,1.48238
199,15,0.1,D,1,NA,1,NA,NA,NA,5/18/22,83,NA,NA,0,NA,NA,1.48238
312,15,1,D,1,NA,NA,NA,NA,5/7/22,NA,83,NA,NA,0,0,1,1.48238
318,15,1,D,1,NA,NA,NA,NA,5/19/22,NA,83,NA,NA,1,142,1,1.48238
356,20,0.1,D,1,NA,NA,NA,NA,4/30/22,NA,83,NA,NA,1,167,1,1.48238
447,20,1,D,1,NA,NA,NA,NA,4/24/22,NA,83,NA,NA,1,80,1,1.48238
457,20,1,D,1,NA,NA,NA,NA,4/24/22,NA,83,NA,NA,1,75,1,1.48238
574,25,1,D,1,NA,NA,NA,NA,4/17/22,NA,83,NA,NA,1,130,0,1.48238
588,25,1,D,1,NA,NA,NA,NA,4/22/22,NA,83,NA,NA,1,148,1,1.48238
590,25,1,D,1,NA,NA,NA,NA,4/22/22,NA,83,NA,NA,1,164,1,1.48238
18,2V,1,D,1,NA,NA,NA,NA,4/23/22,NA,84,NA,NA,1,88,1,1.50024
152,15,0.1,D,0,NA,1,NA,NA,NA,5/23/22,84,NA,NA,0,NA,NA,1.50024
156,15,0.1,D,0,NA,1,NA,NA,NA,5/23/22,84,NA,NA,0,NA,NA,1.50024
161,15,0.1,D,0,NA,1,NA,NA,NA,5/23/22,84,NA,NA,0,NA,NA,1.50024
176,15,0.1,D,1,NA,1,NA,NA,NA,5/18/22,84,NA,NA,0,NA,NA,1.50024
190,15,0.1,D,1,NA,1,NA,NA,NA,5/18/22,84,NA,NA,0,NA,NA,1.50024
196,15,0.1,D,1,NA,1,NA,NA,NA,5/18/22,84,NA,NA,0,NA,NA,1.50024
306,15,1,D,1,NA,1,NA,NA,NA,5/18/22,84,NA,NA,0,NA,NA,1.50024
315,15,1,D,1,NA,NA,NA,NA,5/17/22,NA,84,NA,NA,1,99,1,1.50024
320,15,1,D,1,NA,NA,NA,NA,5/18/22,NA,84,NA,NA,1,114,1,1.50024
328,15,1,D,1,NA,NA,NA,NA,5/12/22,NA,84,NA,NA,1,116,1,1.50024
385,20,0.5,D,0,NA,NA,NA,NA,4/24/22,NA,84,NA,NA,0,NA,NA,1.50024
394,20,0.5,D,1,NA,NA,NA,NA,4/30/22,NA,84,NA,NA,0,0,1,1.50024
455,20,1,D,1,NA,NA,NA,NA,4/24/22,NA,84,NA,NA,1,86,1,1.50024
531,25,0.5,D,1,NA,NA,NA,NA,4/22/22,NA,84,NA,NA,1,183,1,1.50024
536,25,0.5,D,1,NA,NA,NA,NA,4/19/22,NA,84,NA,NA,1,250,0,1.50024
543,25,0.5,D,1,NA,NA,NA,NA,4/18/22,NA,84,NA,NA,1,205,0,1.50024
582,25,1,D,1,NA,NA,NA,NA,4/17/22,NA,84,NA,NA,1,251,0,1.50024
1,2V,1,D,1,NA,NA,NA,NA,4/19/22,NA,85,NA,NA,1,159,0,1.5181
51,6V,1,D,1,NA,NA,NA,NA,4/22/22,NA,85,NA,NA,1,108,1,1.5181
63,6V,1,D,1,NA,NA,NA,NA,4/25/22,NA,85,NA,NA,1,115,1,1.5181
101,14V,1,D,1,NA,NA,NA,NA,5/1/22,NA,85,NA,NA,1,190,1,1.5181
108,14V,1,D,1,NA,NA,NA,NA,4/24/22,NA,85,NA,NA,1,49,1,1.5181
177,15,0.1,D,1,NA,1,NA,NA,NA,5/18/22,85,NA,NA,0,NA,NA,1.5181
210,15,0.1,D,1,NA,1,NA,NA,NA,5/18/22,85,NA,NA,0,NA,NA,1.5181
218,15,0.5,D,0,NA,1,NA,NA,NA,5/23/22,85,NA,NA,0,NA,NA,1.5181
245,15,0.5,D,1,NA,NA,NA,NA,5/7/22,NA,85,NA,NA,1,56,1,1.5181
257,15,0.5,D,1,NA,NA,NA,NA,5/21/22,NA,85,NA,NA,1,194,1,1.5181
272,15,1,D,0,NA,1,NA,NA,NA,5/23/22,85,NA,NA,0,NA,NA,1.5181
321,15,1,D,1,NA,NA,NA,NA,5/21/22,NA,85,NA,NA,1,156,1,1.5181
408,20,0.5,D,1,NA,NA,NA,NA,4/23/22,NA,85,NA,NA,1,45,1,1.5181
413,20,0.5,D,1,NA,NA,NA,NA,5/1/22,NA,85,NA,NA,1,183,1,1.5181
440,20,1,D,1,NA,NA,NA,NA,4/20/22,NA,85,NA,NA,1,187,0,1.5181
462,20,1,D,1,NA,NA,NA,NA,4/24/22,NA,85,NA,NA,1,72,1,1.5181
542,25,0.5,D,1,NA,NA,NA,NA,4/21/22,NA,85,NA,NA,1,289,0,1.5181
546,25,0.5,D,1,NA,NA,NA,NA,4/20/22,NA,85,NA,NA,1,104,1,1.5181
577,25,1,D,1,NA,NA,NA,NA,4/20/22,NA,85,NA,NA,1,146,1,1.5181
579,25,1,D,1,NA,NA,NA,NA,4/17/22,NA,85,NA,NA,1,246,0,1.5181
585,25,1,D,1,NA,NA,NA,NA,4/20/22,NA,85,NA,NA,1,140,1,1.5181
599,25,1,D,1,NA,NA,NA,NA,4/17/22,NA,85,NA,NA,1,176,0,1.5181
30,2V,1,D,1,NA,NA,NA,NA,4/23/22,NA,86,NA,NA,1,322,0,1.53596
118,14V,1,D,1,NA,NA,NA,NA,4/27/22,NA,86,NA,NA,1,110,1,1.53596
119,14V,1,D,1,NA,NA,NA,NA,4/26/22,NA,86,NA,NA,1,98,1,1.53596
132,14V,1,D,1,NA,NA,NA,NA,4/24/22,NA,86,NA,NA,1,111,1,1.53596
171,15,0.1,D,1,NA,1,NA,NA,NA,5/18/22,86,NA,NA,0,NA,NA,1.53596
195,15,0.1,D,1,NA,1,NA,NA,NA,5/18/22,86,NA,NA,0,NA,NA,1.53596
249,15,0.5,D,1,NA,1,NA,NA,NA,5/18/22,86,NA,NA,0,NA,NA,1.53596
250,15,0.5,D,1,NA,1,NA,NA,NA,5/18/22,86,NA,NA,0,NA,NA,1.53596
271,15,1,D,0,NA,1,NA,NA,NA,5/23/22,86,NA,NA,0,NA,NA,1.53596
289,15,1,D,1,NA,1,NA,NA,NA,5/18/22,86,NA,NA,0,NA,NA,1.53596
291,15,1,D,1,NA,NA,NA,NA,5/17/22,NA,86,NA,NA,1,133,1,1.53596
309,15,1,D,1,NA,NA,NA,NA,5/13/22,NA,86,NA,NA,1,86,1,1.53596
314,15,1,D,1,NA,1,NA,NA,NA,5/18/22,86,NA,NA,0,NA,NA,1.53596
322,15,1,D,1,NA,1,NA,NA,NA,5/18/22,86,NA,NA,0,NA,NA,1.53596
325,15,1,D,1,NA,1,NA,NA,NA,5/18/22,86,NA,NA,0,NA,NA,1.53596
327,15,1,D,1,NA,1,NA,NA,NA,5/18/22,86,NA,NA,0,NA,NA,1.53596
529,25,0.5,D,1,NA,NA,NA,NA,4/24/22,NA,86,NA,NA,1,108,1,1.53596
549,25,0.5,D,1,NA,NA,NA,NA,4/22/22,NA,86,NA,NA,1,NA,NA,1.53596
7,2V,1,D,1,NA,NA,NA,NA,4/20/22,NA,87,NA,NA,1,218,0,1.55382
26,2V,1,D,1,NA,NA,NA,NA,4/22/22,NA,87,NA,NA,0,0,1,1.55382
67,6V,1,D,1,NA,NA,NA,NA,4/26/22,NA,87,NA,NA,1,126,1,1.55382
81,6V,1,D,1,NA,NA,NA,NA,4/21/22,NA,87,NA,NA,1,197,0,1.55382
84,6V,1,D,1,NA,NA,NA,NA,4/25/22,NA,87,NA,NA,1,79,1,1.55382
114,14V,1,D,1,NA,NA,NA,NA,4/19/22,NA,87,NA,NA,1,213,1,1.55382
125,14V,1,D,1,NA,NA,NA,NA,4/26/22,NA,87,NA,NA,1,115,1,1.55382
134,14V,1,D,1,NA,NA,NA,NA,4/24/22,NA,87,NA,NA,1,23,1,1.55382
202,15,0.1,D,1,NA,1,NA,NA,NA,5/18/22,87,NA,NA,0,NA,NA,1.55382
254,15,0.5,D,1,NA,1,NA,NA,NA,5/18/22,87,NA,NA,0,NA,NA,1.55382
278,15,1,D,0,NA,1,NA,NA,NA,5/23/22,87,NA,NA,0,NA,NA,1.55382
279,15,1,D,0,NA,1,NA,NA,NA,5/23/22,87,NA,NA,0,NA,NA,1.55382
283,15,1,D,0,NA,1,NA,NA,NA,5/23/22,87,NA,NA,0,NA,NA,1.55382
288,15,1,D,1,NA,1,NA,NA,NA,5/18/22,87,NA,NA,0,NA,NA,1.55382
295,15,1,D,1,NA,1,NA,NA,NA,5/18/22,87,NA,NA,0,NA,NA,1.55382
299,15,1,D,1,NA,NA,NA,NA,5/20/22,NA,87,NA,NA,1,122,1,1.55382
300,15,1,D,1,NA,1,NA,NA,NA,5/18/22,87,NA,NA,0,NA,NA,1.55382
311,15,1,D,1,NA,1,NA,NA,NA,5/18/22,87,NA,NA,0,NA,NA,1.55382
326,15,1,D,1,NA,1,NA,NA,NA,5/18/22,87,NA,NA,0,NA,NA,1.55382
496,25,0.1,D,1,NA,NA,NA,NA,4/26/22,NA,87,NA,NA,1,117,1,1.55382
530,25,0.5,D,1,NA,NA,NA,NA,4/20/22,NA,87,NA,NA,1,291,0,1.55382
532,25,0.5,D,1,NA,NA,NA,NA,4/20/22,NA,87,NA,NA,1,162,1,1.55382
544,25,0.5,D,1,NA,NA,NA,NA,4/23/22,NA,87,NA,NA,1,137,1,1.55382
572,25,1,D,1,NA,NA,NA,NA,4/21/22,NA,87,NA,NA,1,145,1,1.55382
600,25,1,D,1,NA,NA,NA,NA,4/20/22,NA,87,NA,NA,1,199,1,1.55382
53,6V,1,D,1,NA,NA,NA,NA,4/30/22,NA,88,NA,NA,1,243,1,1.57168
68,6V,1,D,1,NA,NA,NA,NA,4/24/22,NA,88,NA,NA,1,71,1,1.57168
85,6V,1,D,1,NA,NA,NA,NA,4/28/22,NA,88,NA,NA,1,142,1,1.57168
120,14V,1,D,1,NA,NA,NA,NA,4/30/22,NA,88,NA,NA,1,139,1,1.57168
207,15,0.1,D,1,NA,1,NA,NA,NA,5/18/22,88,NA,NA,0,NA,NA,1.57168
221,15,0.5,D,0,NA,1,NA,NA,NA,5/23/22,88,NA,NA,0,NA,NA,1.57168
239,15,0.5,D,1,NA,1,NA,NA,NA,5/18/22,88,NA,NA,0,NA,NA,1.57168
275,15,1,D,0,NA,NA,1,NA,NA,5/11/22,88,NA,NA,0,NA,NA,1.57168
281,15,1,D,0,NA,NA,NA,NA,5/21/22,NA,88,NA,NA,0,NA,NA,1.57168
284,15,1,D,0,NA,1,NA,NA,NA,5/23/22,88,NA,NA,0,NA,NA,1.57168
301,15,1,D,1,NA,NA,NA,NA,5/19/22,NA,88,NA,NA,1,150,1,1.57168
308,15,1,D,1,NA,1,NA,NA,NA,5/18/22,88,NA,NA,0,NA,NA,1.57168
329,15,1,D,1,NA,1,NA,NA,NA,5/18/22,88,NA,NA,0,NA,NA,1.57168
336,20,0.1,D,0,NA,NA,NA,NA,5/16/22,NA,88,NA,NA,0,NA,NA,1.57168
383,20,0.5,D,0,NA,NA,NA,NA,4/23/22,NA,88,NA,NA,0,NA,NA,1.57168
386,20,0.5,D,0,NA,NA,NA,NA,4/24/22,NA,88,NA,NA,0,NA,NA,1.57168
395,20,0.5,D,1,NA,NA,NA,NA,5/1/22,NA,88,NA,NA,1,162,1,1.57168
581,25,1,D,1,NA,NA,NA,NA,4/23/22,NA,88,NA,NA,1,143,1,1.57168
25,2V,1,D,1,NA,NA,NA,NA,4/25/22,NA,89,NA,NA,1,112,1,1.58954
55,6V,1,D,1,NA,NA,NA,NA,4/30/22,NA,89,NA,NA,1,131,1,1.58954
60,6V,1,D,1,NA,NA,NA,NA,4/29/22,NA,89,NA,NA,1,197,1,1.58954
62,6V,1,D,1,NA,NA,NA,NA,5/3/22,NA,89,NA,NA,1,203,1,1.58954
83,6V,1,D,1,NA,NA,NA,NA,4/25/22,NA,89,NA,NA,1,92,1,1.58954
106,14V,1,D,1,NA,NA,NA,NA,4/22/22,NA,89,NA,NA,1,134,1,1.58954
197,15,0.1,D,1,NA,1,NA,NA,NA,5/18/22,89,NA,NA,0,NA,NA,1.58954
273,15,1,D,0,NA,1,NA,NA,NA,5/23/22,89,NA,NA,0,NA,NA,1.58954
276,15,1,D,0,NA,1,NA,NA,NA,5/23/22,89,NA,NA,0,NA,NA,1.58954
285,15,1,D,0,NA,NA,NA,NA,5/21/22,NA,89,NA,NA,0,NA,NA,1.58954
294,15,1,D,1,NA,1,NA,NA,NA,5/18/22,89,NA,NA,0,NA,NA,1.58954
296,15,1,D,1,NA,1,NA,NA,NA,5/18/22,89,NA,NA,0,NA,NA,1.58954
302,15,1,D,1,NA,1,NA,NA,NA,5/18/22,89,NA,NA,0,NA,NA,1.58954
317,15,1,D,1,NA,1,NA,NA,NA,5/18/22,89,NA,NA,0,NA,NA,1.58954
323,15,1,D,1,NA,1,NA,NA,NA,5/18/22,89,NA,NA,0,NA,NA,1.58954
563,25,1,D,0,NA,NA,NA,NA,4/16/22,NA,89,NA,NA,NA,NA,NA,1.58954
593,25,1,D,1,NA,NA,NA,NA,4/21/22,NA,89,NA,NA,1,195,1,1.58954
6,2V,1,D,1,NA,NA,NA,NA,4/22/22,NA,90,NA,NA,1,165,1,1.6074
56,6V,1,D,1,NA,NA,NA,NA,4/30/22,NA,90,NA,NA,1,152,1,1.6074
57,6V,1,D,1,NA,NA,NA,NA,4/29/22,NA,90,NA,NA,1,170,1,1.6074
58,6V,1,D,1,NA,NA,NA,NA,4/26/22,NA,90,NA,NA,1,102,1,1.6074
65,6V,1,D,1,NA,NA,NA,NA,4/29/22,NA,90,NA,NA,1,146,1,1.6074
78,6V,1,D,1,NA,NA,NA,NA,5/4/22,NA,90,NA,NA,1,182,1,1.6074
116,14V,1,D,1,NA,NA,NA,NA,4/27/22,NA,90,NA,NA,1,131,1,1.6074
129,14V,1,D,1,NA,NA,NA,NA,5/3/22,NA,90,NA,NA,1,200,1,1.6074
157,15,0.1,D,0,NA,1,NA,NA,NA,5/23/22,90,NA,NA,0,NA,NA,1.6074
170,15,0.1,D,1,NA,1,NA,NA,NA,5/18/22,90,NA,NA,0,NA,NA,1.6074
178,15,0.1,D,1,NA,1,NA,NA,NA,5/18/22,90,NA,NA,0,NA,NA,1.6074
189,15,0.1,D,1,NA,1,NA,NA,NA,5/18/22,90,NA,NA,0,NA,NA,1.6074
247,15,0.5,D,1,NA,1,NA,NA,NA,5/18/22,90,NA,NA,0,NA,NA,1.6074
274,15,1,D,0,NA,1,NA,NA,NA,5/23/22,90,NA,NA,0,NA,NA,1.6074
290,15,1,D,1,NA,1,NA,NA,NA,5/18/22,90,NA,NA,0,NA,NA,1.6074
330,15,1,D,1,NA,1,NA,NA,NA,5/18/22,90,NA,NA,0,NA,NA,1.6074
534,25,0.5,D,1,NA,NA,NA,NA,4/21/22,NA,90,NA,NA,1,171,0,1.6074
580,25,1,D,1,NA,NA,NA,NA,4/19/22,NA,90,NA,NA,1,NA,NA,1.6074
583,25,1,D,1,NA,NA,NA,NA,4/21/22,NA,90,NA,NA,1,179,1,1.6074
592,25,1,D,1,NA,NA,NA,NA,4/17/22,NA,90,NA,NA,1,178,0,1.6074
595,25,1,D,1,NA,NA,NA,NA,4/20/22,NA,90,NA,NA,1,185,1,1.6074
127,14V,1,D,1,NA,NA,NA,NA,4/30/22,NA,91,NA,NA,1,202,1,1.62526
153,15,0.1,D,0,NA,NA,NA,NA,5/21/22,NA,91,NA,NA,0,NA,NA,1.62526
155,15,0.1,D,0,NA,1,NA,NA,NA,5/23/22,91,NA,NA,0,NA,NA,1.62526
183,15,0.1,D,1,NA,1,NA,NA,NA,5/18/22,91,NA,NA,0,NA,NA,1.62526
208,15,0.1,D,1,NA,1,NA,NA,NA,5/18/22,91,NA,NA,0,NA,NA,1.62526
228,15,0.5,D,1,NA,1,NA,NA,NA,5/18/22,91,NA,NA,0,NA,NA,1.62526
262,15,0.5,D,1,NA,1,NA,NA,NA,5/18/22,91,NA,NA,0,NA,NA,1.62526
316,15,1,D,1,NA,1,NA,NA,NA,5/18/22,91,NA,NA,0,NA,NA,1.62526
343,20,0.1,D,0,NA,NA,NA,NA,5/23/22,NA,91,NA,NA,0,NA,NA,1.62526
82,6V,1,D,1,NA,1,NA,NA,NA,5/18/22,82,1,-1,0,NA,NA,1.64
2,2V,1,D,1,NA,NA,NA,NA,4/20/22,NA,92,NA,NA,1,281,0,1.64312
35,2V,1,D,1,NA,NA,NA,NA,4/25/22,NA,92,NA,NA,1,101,1,1.64312
75,6V,1,D,1,NA,NA,NA,NA,5/1/22,NA,92,NA,NA,1,188,1,1.64312
102,14V,1,D,1,NA,NA,NA,NA,4/30/22,NA,92,NA,NA,1,175,1,1.64312
109,14V,1,D,1,NA,NA,NA,NA,4/24/22,NA,92,NA,NA,1,68,1,1.64312
113,14V,1,D,1,NA,NA,NA,NA,4/24/22,NA,92,NA,NA,1,NA,NA,1.64312
214,15,0.5,D,0,NA,1,NA,NA,NA,5/23/22,92,NA,NA,0,NA,NA,1.64312
217,15,0.5,D,0,NA,1,NA,NA,NA,5/23/22,92,NA,NA,0,NA,NA,1.64312
223,15,0.5,D,0,NA,1,NA,NA,NA,5/23/22,92,NA,NA,0,NA,NA,1.64312
227,15,0.5,D,1,NA,1,NA,NA,NA,5/18/22,92,NA,NA,0,NA,NA,1.64312
235,15,0.5,D,1,NA,1,NA,NA,NA,5/18/22,92,NA,NA,0,NA,NA,1.64312
261,15,0.5,D,1,NA,1,NA,NA,NA,5/18/22,92,NA,NA,0,NA,NA,1.64312
293,15,1,D,1,NA,1,NA,NA,NA,5/18/22,92,NA,NA,0,NA,NA,1.64312
332,20,0.1,D,0,NA,NA,NA,NA,5/19/22,NA,92,NA,NA,0,NA,NA,1.64312
341,20,0.1,D,0,NA,NA,NA,NA,5/21/22,NA,92,NA,NA,0,NA,NA,1.64312
467,25,0.1,D,0,NA,NA,NA,NA,5/9/22,NA,92,NA,NA,1,157,1,1.64312
33,2V,1,D,1,NA,NA,NA,NA,4/24/22,NA,93,NA,NA,1,117,1,1.66098
59,6V,1,D,1,NA,NA,NA,NA,4/30/22,NA,93,NA,NA,1,167,1,1.66098
69,6V,1,D,1,NA,NA,NA,NA,4/30/22,NA,93,NA,NA,1,204,1,1.66098
71,6V,1,D,1,NA,NA,NA,NA,4/29/22,NA,93,NA,NA,1,139,1,1.66098
212,15,0.5,D,0,NA,1,NA,NA,NA,5/23/22,93,NA,NA,0,NA,NA,1.66098
219,15,0.5,D,0,NA,1,NA,NA,NA,5/23/22,93,NA,NA,0,NA,NA,1.66098
231,15,0.5,D,1,NA,1,NA,NA,NA,5/18/22,93,NA,NA,0,NA,NA,1.66098
243,15,0.5,D,1,NA,1,NA,NA,NA,5/18/22,93,NA,NA,0,NA,NA,1.66098
252,15,0.5,D,1,NA,1,NA,NA,NA,5/18/22,93,NA,NA,0,NA,NA,1.66098
282,15,1,D,0,NA,1,NA,NA,NA,5/23/22,93,NA,NA,0,NA,NA,1.66098
537,25,0.5,D,1,NA,NA,NA,NA,4/22/22,NA,93,NA,NA,1,232,1,1.66098
76,6V,1,D,1,NA,NA,NA,NA,4/28/22,NA,94,NA,NA,1,194,1,1.67884
211,15,0.5,D,0,NA,NA,NA,NA,5/21/22,NA,94,NA,NA,0,NA,NA,1.67884
224,15,0.5,D,0,NA,1,NA,NA,NA,5/23/22,94,NA,NA,0,NA,NA,1.67884
225,15,0.5,D,0,NA,NA,NA,NA,5/21/22,NA,94,NA,NA,0,NA,NA,1.67884
241,15,0.5,D,1,NA,1,NA,NA,NA,5/18/22,94,NA,NA,0,NA,NA,1.67884
246,15,0.5,D,1,NA,1,NA,NA,NA,5/18/22,94,NA,NA,0,NA,NA,1.67884
253,15,0.5,D,1,NA,1,NA,NA,NA,5/18/22,94,NA,NA,0,NA,NA,1.67884
263,15,0.5,D,1,NA,1,NA,NA,NA,5/18/22,94,NA,NA,0,NA,NA,1.67884
266,15,0.5,D,1,NA,1,NA,NA,NA,5/18/22,94,NA,NA,0,NA,NA,1.67884
267,15,0.5,D,1,NA,1,NA,NA,NA,5/18/22,94,NA,NA,0,NA,NA,1.67884
366,20,0.1,D,1,NA,NA,NA,NA,NA,5/18/22,94,NA,NA,0,NA,NA,1.67884
470,25,0.1,D,0,NA,NA,NA,NA,5/17/22,NA,94,NA,NA,0,NA,NA,1.67884
52,6V,1,D,1,NA,NA,NA,NA,5/13/22,NA,95,NA,NA,0,NA,NA,1.6967
216,15,0.5,D,0,NA,1,NA,NA,NA,5/23/22,95,NA,NA,0,NA,NA,1.6967
234,15,0.5,D,1,NA,1,NA,NA,NA,5/18/22,95,NA,NA,0,NA,NA,1.6967
244,15,0.5,D,1,NA,1,NA,NA,NA,5/18/22,95,NA,NA,0,NA,NA,1.6967
310,15,1,D,1,NA,1,NA,NA,NA,5/18/22,95,NA,NA,0,NA,NA,1.6967
334,20,0.1,D,0,NA,NA,NA,NA,5/23/22,NA,95,NA,NA,0,NA,NA,1.6967
340,20,0.1,D,0,NA,NA,NA,NA,5/22/22,NA,95,NA,NA,0,NA,NA,1.6967
344,20,0.1,D,0,NA,NA,NA,NA,5/23/22,NA,95,NA,NA,0,NA,NA,1.6967
468,25,0.1,D,0,NA,NA,NA,NA,5/13/22,NA,95,NA,NA,0,NA,NA,1.6967
571,25,1,D,1,NA,NA,NA,NA,4/19/22,NA,95,NA,NA,1,NA,NA,1.6967
578,25,1,D,1,NA,NA,NA,NA,4/19/22,NA,95,NA,NA,1,360,0,1.6967
584,25,1,D,1,NA,NA,NA,NA,4/20/22,NA,95,NA,NA,1,226,1,1.6967
586,25,1,D,1,NA,NA,NA,NA,4/20/22,NA,95,NA,NA,1,216,1,1.6967
64,6V,1,D,1,NA,NA,NA,NA,4/27/22,NA,96,NA,NA,1,113,1,1.71456
124,14V,1,D,1,NA,NA,NA,NA,4/29/22,NA,96,NA,NA,1,188,1,1.71456
255,15,0.5,D,1,NA,1,NA,NA,NA,5/18/22,96,NA,NA,0,NA,NA,1.71456
268,15,0.5,D,1,NA,1,NA,NA,NA,5/18/22,96,NA,NA,0,NA,NA,1.71456
480,25,0.1,D,0,NA,NA,NA,NA,5/17/22,NA,96,NA,NA,0,NA,NA,1.71456
20,2V,1,D,1,NA,NA,NA,NA,4/25/22,NA,97,NA,NA,1,152,1,1.73242
236,15,0.5,D,1,NA,1,NA,NA,NA,5/18/22,97,NA,NA,0,NA,NA,1.73242
237,15,0.5,D,1,NA,1,NA,NA,NA,5/18/22,97,NA,NA,0,NA,NA,1.73242
264,15,0.5,D,1,NA,1,NA,NA,NA,5/18/22,97,NA,NA,0,NA,NA,1.73242
324,15,1,D,1,NA,NA,NA,NA,5/22/22,NA,97,NA,NA,1,123,1,1.73242
361,20,0.1,D,1,NA,1,NA,NA,NA,5/19/22,97,NA,NA,0,NA,NA,1.73242
473,25,0.1,D,0,NA,NA,NA,NA,5/22/22,NA,97,NA,NA,0,NA,NA,1.73242
475,25,0.1,D,0,NA,NA,NA,NA,5/22/22,NA,97,NA,NA,0,NA,NA,1.73242
382,20,0.5,D,0,NA,1,NA,NA,NA,5/23/22,98,NA,NA,0,NA,NA,1.75028
576,25,1,D,1,NA,NA,NA,NA,4/26/22,NA,98,NA,NA,1,215,1,1.75028
222,15,0.5,D,0,NA,1,NA,NA,NA,5/23/22,99,NA,NA,0,NA,NA,1.76814
79,6V,1,D,1,NA,1,NA,NA,NA,5/18/22,89,1,-1,0,NA,NA,1.78
24,2V,1,D,1,NA,NA,NA,NA,5/3/22,NA,100,NA,NA,0,0,1,1.786
149,14V,1,D,0,NA,NA,NA,NA,4/27/22,NA,100,NA,NA,0,NA,NA,1.786
232,15,0.5,D,1,NA,1,NA,NA,NA,5/18/22,100,NA,NA,0,NA,NA,1.786
474,25,0.1,D,0,NA,NA,NA,NA,5/22/22,NA,90,1,-1,0,NA,NA,1.8
401,20,0.5,D,1,NA,1,NA,NA,NA,5/18/22,91,1,-1,0,NA,NA,1.82
419,20,0.5,D,1,NA,1,NA,NA,NA,5/18/22,91,1,-1,0,NA,NA,1.82
433,20,1,D,0,NA,NA,NA,NA,5/14/22,NA,91,1,-1,0,NA,NA,1.82
479,25,0.1,D,0,NA,NA,NA,NA,5/22/22,NA,91,1,-1,0,NA,NA,1.82
410,20,0.5,D,1,NA,1,NA,NA,NA,5/18/22,92,1,-1,0,NA,NA,1.84
441,20,1,D,1,NA,1,NA,NA,NA,5/18/22,92,1,-1,0,NA,NA,1.84
384,20,0.5,D,0,NA,NA,NA,NA,5/21/22,NA,93,1,-1,0,NA,NA,1.86
397,20,0.5,D,1,NA,1,NA,NA,NA,5/18/22,93,1,-1,0,NA,NA,1.86
36,2V,1,D,0,NA,NA,NA,NA,5/23/22,NA,94,1,-1,0,NA,NA,1.88
74,6V,1,D,1,NA,1,NA,NA,NA,5/18/22,94,1,-1,0,NA,NA,1.88
376,20,0.5,D,0,NA,NA,NA,NA,5/21/22,NA,94,1,-1,0,NA,NA,1.88
412,20,0.5,D,1,NA,1,NA,NA,NA,5/18/22,94,1,-1,0,NA,NA,1.88
423,20,1,D,0,NA,NA,NA,NA,5/20/22,NA,94,1,-1,0,NA,NA,1.88
424,20,1,D,0,NA,NA,NA,NA,5/22/22,NA,94,1,-1,0,NA,NA,1.88
44,2V,1,D,0,NA,NA,NA,NA,5/8/22,NA,95,1,-1,0,NA,NA,1.9
70,6V,1,D,1,NA,NA,NA,NA,5/10/22,NA,95,1,-1,0,0,1,1.9
90,6V,1,D,0,NA,NA,NA,NA,5/22/22,NA,95,1,-1,0,NA,NA,1.9
400,20,0.5,D,1,NA,1,NA,NA,NA,5/18/22,95,1,-1,0,NA,NA,1.9
402,20,0.5,D,1,NA,1,NA,NA,NA,5/18/22,95,1,-1,0,NA,NA,1.9
420,20,0.5,D,1,NA,1,NA,NA,NA,5/18/22,95,1,-1,0,NA,NA,1.9
445,20,1,D,1,NA,1,NA,NA,NA,5/18/22,95,1,-1,0,NA,NA,1.9
523,25,0.5,D,0,NA,NA,NA,NA,5/22/22,NA,95,1,-1,0,NA,NA,1.9
565,25,1,D,0,NA,NA,NA,NA,5/11/22,NA,95,1,-1,0,NA,NA,1.9
40,2V,1,D,0,NA,NA,NA,NA,5/21/22,NA,96,1,-1,0,NA,NA,1.92
379,20,0.5,D,0,NA,NA,NA,NA,5/23/22,NA,96,1,-1,0,NA,NA,1.92
387,20,0.5,D,0,NA,1,NA,NA,NA,5/23/22,96,1,-1,0,NA,NA,1.92
409,20,0.5,D,1,NA,1,NA,NA,NA,5/18/22,96,1,-1,0,NA,NA,1.92
438,20,1,D,1,NA,1,NA,NA,NA,5/18/22,96,1,-1,0,NA,NA,1.92
377,20,0.5,D,0,NA,NA,NA,NA,5/21/22,NA,97,1,-1,0,NA,NA,1.94
428,20,1,D,0,NA,NA,NA,NA,5/22/22,NA,97,1,-1,0,NA,NA,1.94
444,20,1,D,1,NA,1,NA,NA,NA,5/18/22,97,1,-1,0,NA,NA,1.94
48,2V,1,D,0,NA,1,NA,NA,NA,5/23/22,98,1,-1,0,NA,NA,1.96
146,14V,1,D,0,NA,NA,NA,NA,5/20/22,NA,98,1,-1,0,NA,NA,1.96
431,20,1,D,0,NA,1,NA,NA,NA,5/23/22,98,1,-1,0,NA,NA,1.96
437,20,1,D,1,NA,1,NA,NA,NA,5/18/22,98,1,-1,0,NA,NA,1.96
448,20,1,D,1,NA,1,NA,NA,NA,5/18/22,98,1,-1,0,NA,NA,1.96
42,2V,1,D,0,NA,NA,NA,NA,5/22/22,NA,79,1,-2,0,NA,NA,1.975
95,6V,1,D,0,NA,1,NA,NA,NA,5/23/22,79,1,-2,0,NA,NA,1.975
137,14V,1,D,0,NA,NA,NA,NA,5/23/22,NA,79,1,-2,0,NA,NA,1.975
446,20,1,D,1,NA,1,NA,NA,NA,5/18/22,79,1,-2,0,NA,NA,1.975
105,14V,1,D,1,NA,1,NA,NA,NA,5/18/22,99,1,-1,0,NA,NA,1.98
426,20,1,D,0,NA,1,NA,NA,NA,5/23/22,99,1,-1,0,NA,NA,1.98
429,20,1,D,0,NA,NA,NA,NA,5/22/22,NA,99,1,-1,0,NA,NA,1.98
89,6V,1,D,0,NA,1,NA,NA,NA,5/23/22,100,1,-1,0,NA,NA,2
92,6V,1,D,0,NA,1,NA,NA,NA,5/23/22,100,1,-1,0,NA,NA,2
98,6V,1,D,0,NA,NA,NA,NA,5/22/22,NA,80,1,-2,0,NA,NA,2
391,20,0.5,D,1,NA,1,NA,NA,NA,5/18/22,100,1,-1,0,NA,NA,2
425,20,1,D,0,NA,1,NA,NA,NA,5/23/22,80,1,-2,0,NA,NA,2
427,20,1,D,0,NA,NA,NA,NA,5/20/22,NA,80,1,-2,0,NA,NA,2
436,20,1,D,1,NA,1,NA,NA,NA,5/18/22,80,1,-2,0,NA,NA,2
460,20,1,D,1,NA,1,NA,NA,NA,5/18/22,80,1,-2,0,NA,NA,2
465,20,1,D,1,NA,1,NA,NA,NA,5/18/22,100,1,-1,0,NA,NA,2
4,2V,1,D,1,NA,1,NA,NA,NA,5/18/22,81,1,-2,0,NA,NA,2.025
27,2V,1,D,1,NA,1,NA,NA,NA,5/18/22,81,1,-2,0,NA,NA,2.025
100,6V,1,D,0,NA,1,NA,NA,NA,5/23/22,81,1,-2,0,NA,NA,2.025
135,14V,1,D,1,NA,NA,NA,NA,5/15/22,NA,81,1,-2,0,NA,NA,2.025
148,14V,1,D,0,NA,1,NA,NA,NA,5/23/22,81,1,-2,0,NA,NA,2.025
454,20,1,D,1,NA,1,NA,NA,NA,5/18/22,81,1,-2,0,NA,NA,2.025
519,25,0.5,D,0,NA,1,NA,NA,NA,5/23/22,81,1,-2,0,NA,NA,2.025
521,25,0.5,D,0,NA,NA,NA,NA,5/23/22,NA,81,1,-2,0,NA,NA,2.025
17,2V,1,D,1,NA,1,NA,NA,NA,5/18/22,82,1,-2,0,NA,NA,2.05
422,20,1,D,0,NA,1,NA,NA,NA,5/23/22,82,1,-2,0,NA,NA,2.05
430,20,1,D,0,NA,1,NA,NA,NA,5/23/22,82,1,-2,0,NA,NA,2.05
434,20,1,D,0,NA,1,NA,NA,NA,5/23/22,82,1,-2,0,NA,NA,2.05
458,20,1,D,1,NA,1,NA,NA,NA,5/18/22,82,1,-2,0,NA,NA,2.05
568,25,1,D,0,NA,NA,NA,NA,5/22/22,NA,82,1,-2,0,NA,NA,2.05
43,2V,1,D,0,NA,NA,NA,NA,5/21/22,NA,83,1,-2,0,NA,NA,2.075
47,2V,1,D,0,NA,1,NA,NA,NA,5/23/22,83,1,-2,0,NA,NA,2.075
94,6V,1,D,0,NA,NA,NA,NA,5/20/22,NA,83,1,-2,0,NA,NA,2.075
111,14V,1,D,1,NA,1,NA,NA,NA,5/18/22,83,1,-2,0,NA,NA,2.075
139,14V,1,D,0,NA,1,NA,NA,NA,5/23/22,83,1,-2,0,NA,NA,2.075
390,20,0.5,D,0,NA,1,NA,NA,NA,5/23/22,83,1,-2,0,NA,NA,2.075
514,25,0.5,D,0,NA,1,NA,NA,NA,5/23/22,83,1,-2,0,NA,NA,2.075
37,2V,1,D,0,NA,1,NA,NA,NA,5/23/22,84,1,-2,0,NA,NA,2.1
41,2V,1,D,0,NA,1,NA,NA,NA,5/23/22,84,1,-2,0,NA,NA,2.1
46,2V,1,D,0,NA,NA,NA,NA,5/21/22,NA,84,1,-2,0,NA,NA,2.1
54,6V,1,D,1,NA,1,NA,NA,NA,5/18/22,84,1,-2,0,NA,NA,2.1
87,6V,1,D,0,NA,NA,NA,NA,5/23/22,NA,84,1,-2,0,NA,NA,2.1
88,6V,1,D,0,NA,NA,NA,NA,5/23/22,NA,84,1,-2,0,NA,NA,2.1
93,6V,1,D,0,NA,NA,NA,NA,5/23/22,NA,84,1,-2,0,NA,NA,2.1
115,14V,1,D,1,NA,1,NA,NA,NA,5/18/22,84,1,-2,0,NA,NA,2.1
515,25,0.5,D,0,NA,NA,NA,NA,5/21/22,NA,84,1,-2,0,NA,NA,2.1
524,25,0.5,D,0,NA,1,NA,NA,NA,5/23/22,84,1,-2,0,NA,NA,2.1
38,2V,1,D,0,NA,1,NA,NA,NA,5/23/22,85,1,-2,0,NA,NA,2.125
49,2V,1,D,0,NA,1,NA,NA,NA,5/23/22,86,1,-2,0,NA,NA,2.15
91,6V,1,D,0,NA,1,NA,NA,NA,5/23/22,86,1,-2,0,NA,NA,2.15
99,6V,1,D,0,NA,NA,NA,NA,5/22/22,NA,86,1,-2,0,NA,NA,2.15
512,25,0.5,D,0,NA,NA,NA,NA,5/21/22,NA,86,1,-2,0,NA,NA,2.15
566,25,1,D,0,NA,NA,NA,NA,5/21/22,NA,86,1,-2,0,NA,NA,2.15
86,6V,1,D,0,NA,1,NA,NA,NA,5/18/22,87,1,-2,0,NA,NA,2.175
138,14V,1,D,0,NA,NA,NA,NA,5/23/22,NA,87,1,-2,0,NA,NA,2.175
556,25,1,D,0,NA,1,NA,NA,NA,5/23/22,87,1,-2,0,NA,NA,2.175
557,25,1,D,0,NA,NA,NA,NA,5/22/22,NA,87,1,-2,0,NA,NA,2.175
594,25,1,D,1,NA,1,NA,NA,NA,5/18/22,87,1,-2,0,NA,NA,2.175
97,6V,1,D,0,NA,1,NA,NA,NA,5/23/22,88,1,-2,0,NA,NA,2.2
144,14V,1,D,0,NA,1,NA,NA,NA,5/23/22,88,1,-2,0,NA,NA,2.2
150,14V,1,D,0,NA,NA,NA,NA,5/22/22,NA,88,1,-2,0,NA,NA,2.2
561,25,1,D,0,NA,NA,NA,NA,5/22/22,NA,89,1,-2,0,NA,NA,2.225
567,25,1,D,0,NA,1,NA,NA,NA,5/23/22,89,1,-2,0,NA,NA,2.225
559,25,1,D,0,NA,NA,NA,NA,5/13/22,NA,90,1,-2,0,NA,NA,2.25
9,2V,1,D,1,NA,NA,NA,1,NA,4/11/22,NA,NA,NA,NA,NA,NA,NA
10,2V,1,D,1,NA,NA,NA,NA,4/29/22,NA,NA,NA,NA,0,0,NA,NA
13,2V,1,D,1,NA,NA,NA,NA,4/20/22,NA,NA,NA,NA,1,81,0,NA
14,2V,1,D,1,NA,NA,NA,NA,4/29/22,NA,NA,NA,NA,1,97,1,NA
31,2V,1,D,1,NA,NA,NA,NA,4/11/22,NA,NA,NA,NA,0,NA,NA,NA
32,2V,1,D,1,NA,NA,NA,NA,4/25/22,NA,NA,NA,NA,1,88,1,NA
34,2V,1,D,1,NA,NA,NA,1,NA,4/12/22,NA,NA,NA,NA,NA,NA,NA
45,2V,1,D,0,NA,NA,NA,NA,5/20/22,NA,NA,NA,NA,0,NA,NA,NA
66,6V,1,D,1,NA,NA,NA,1,NA,4/12/22,NA,NA,NA,NA,NA,NA,NA
72,6V,1,D,1,NA,NA,NA,NA,4/28/22,NA,NA,NA,NA,1,54,1,NA
77,6V,1,D,1,NA,NA,NA,1,NA,4/25/22,NA,NA,NA,NA,NA,NA,NA
103,14V,1,D,1,NA,NA,NA,NA,4/27/22,NA,NA,NA,NA,1,55,1,NA
104,14V,1,D,1,NA,NA,NA,1,NA,4/10/22,NA,NA,NA,NA,NA,NA,NA
107,14V,1,D,1,NA,NA,NA,NA,4/29/22,NA,NA,NA,NA,1,142,1,NA
110,14V,1,D,1,1,NA,NA,NA,4/24/22,NA,NA,NA,NA,1,NA,NA,NA
112,14V,1,D,1,NA,NA,NA,NA,4/24/22,NA,NA,NA,NA,1,NA,NA,NA
141,14V,1,D,0,NA,NA,NA,NA,5/17/22,NA,NA,NA,NA,0,NA,NA,NA
143,14V,1,D,0,NA,NA,NA,1,NA,5/2/22,NA,NA,NA,NA,NA,NA,NA
154,15,0.1,D,0,NA,NA,NA,1,NA,5/13/22,NA,NA,NA,NA,NA,NA,NA
158,15,0.1,D,0,NA,NA,NA,NA,5/23/22,NA,NA,NA,NA,0,NA,NA,NA
160,15,0.1,D,0,NA,NA,NA,1,NA,4/14/22,NA,NA,NA,NA,NA,NA,NA
169,15,0.1,D,1,NA,NA,1,NA,NA,4/11/22,NA,NA,NA,NA,NA,NA,NA
192,15,0.1,D,1,NA,NA,NA,1,NA,4/13/22,NA,NA,NA,NA,NA,NA,NA
198,15,0.1,D,1,NA,NA,NA,1,NA,4/14/22,NA,NA,NA,NA,NA,NA,NA
201,15,0.1,D,1,NA,NA,NA,1,NA,4/11/22,NA,NA,NA,NA,NA,NA,NA
203,15,0.1,D,1,NA,NA,NA,1,NA,4/14/22,NA,NA,NA,NA,NA,NA,NA
209,15,0.1,D,1,NA,NA,NA,NA,4/12/22,NA,NA,NA,NA,NA,NA,NA,NA
220,15,0.5,D,0,NA,NA,NA,1,NA,4/10/22,NA,NA,NA,NA,NA,NA,NA
233,15,0.5,D,1,NA,NA,NA,1,NA,4/20/22,NA,NA,NA,NA,NA,NA,NA
240,15,0.5,D,1,NA,NA,NA,1,NA,5/14/22,NA,NA,NA,NA,NA,NA,NA
256,15,0.5,D,1,NA,NA,NA,1,NA,4/11/22,NA,NA,NA,NA,NA,NA,NA
259,15,0.5,D,1,NA,NA,NA,1,NA,4/20/22,NA,NA,NA,NA,NA,NA,NA
270,15,0.5,D,1,NA,NA,NA,1,NA,4/13/22,NA,NA,NA,NA,NA,NA,NA
287,15,1,D,1,NA,NA,NA,1,NA,4/11/22,NA,NA,NA,NA,NA,NA,NA
297,15,1,D,1,NA,NA,NA,1,NA,4/11/22,NA,NA,NA,NA,NA,NA,NA
303,15,1,D,1,NA,NA,NA,NA,5/13/22,NA,NA,NA,NA,1,100,1,NA
331,20,0.1,D,0,NA,NA,NA,1,NA,5/21/22,NA,NA,NA,NA,NA,NA,NA
333,20,0.1,D,0,NA,NA,NA,NA,5/22/22,NA,NA,NA,NA,0,NA,NA,NA
335,20,0.1,D,0,NA,NA,NA,NA,4/29/22,NA,NA,NA,NA,0,0,1,NA
338,20,0.1,D,0,NA,NA,NA,NA,5/23/22,NA,NA,NA,NA,0,NA,NA,NA
339,20,0.1,D,0,NA,NA,NA,1,NA,4/21/22,NA,NA,NA,NA,NA,NA,NA
345,20,0.1,D,0,NA,NA,NA,NA,5/23/22,NA,NA,NA,NA,0,NA,NA,NA
360,20,0.1,D,1,NA,NA,NA,1,NA,4/20/22,NA,NA,NA,NA,NA,NA,NA
362,20,0.1,D,1,NA,NA,NA,NA,4/29/22,NA,NA,NA,NA,1,39,1,NA
370,20,0.1,D,1,NA,NA,NA,NA,4/29/22,NA,NA,NA,NA,NA,NA,NA,NA
372,20,0.1,D,1,NA,NA,NA,NA,4/29/22,NA,NA,NA,NA,1,40,1,NA
373,20,0.1,D,1,NA,NA,NA,NA,4/22/22,NA,NA,NA,NA,1,25,1,NA
375,20,0.1,D,1,NA,NA,NA,NA,4/29/22,NA,NA,NA,NA,NA,NA,NA,NA
380,20,0.5,D,0,NA,NA,NA,NA,5/23/22,NA,NA,NA,NA,0,NA,NA,NA
388,20,0.5,D,0,NA,NA,NA,1,4/12/22,NA,NA,NA,NA,NA,NA,NA,NA
393,20,0.5,D,1,NA,NA,NA,NA,4/15/22,NA,NA,NA,NA,1,51,1,NA
396,20,0.5,D,1,NA,NA,NA,NA,4/25/22,NA,NA,NA,NA,1,35,1,NA
398,20,0.5,D,1,NA,NA,NA,NA,NA,5/5/22,NA,NA,NA,NA,NA,NA,NA
450,20,1,D,1,NA,NA,NA,1,NA,4/23/22,NA,NA,NA,NA,NA,NA,NA
453,20,1,D,1,NA,NA,NA,NA,4/24/22,NA,NA,NA,NA,1,17,1,NA
463,20,1,D,1,NA,NA,NA,1,NA,4/10/22,NA,NA,NA,NA,NA,NA,NA
464,20,1,D,1,NA,NA,NA,1,NA,4/10/22,NA,NA,NA,NA,NA,NA,NA
469,25,0.1,D,0,NA,NA,NA,NA,5/22/22,NA,NA,NA,NA,0,NA,NA,NA
472,25,0.1,D,0,NA,NA,NA,NA,5/23/22,NA,NA,NA,NA,0,NA,NA,NA
476,25,0.1,D,0,NA,NA,NA,NA,5/23/22,NA,NA,NA,NA,0,NA,NA,NA
477,25,0.1,D,0,NA,NA,NA,1,NA,4/22/22,NA,NA,NA,NA,NA,NA,NA
478,25,0.1,D,0,NA,NA,NA,NA,5/23/22,NA,NA,NA,NA,0,NA,NA,NA
481,25,0.1,D,1,NA,NA,NA,NA,4/11/22,NA,NA,NA,NA,NA,NA,NA,NA
483,25,0.1,D,1,NA,NA,1,NA,NA,4/26/22,NA,NA,NA,NA,NA,NA,NA
484,25,0.1,D,1,NA,NA,NA,1,NA,4/25/22,NA,NA,NA,NA,NA,NA,NA
485,25,0.1,D,1,NA,NA,NA,1,NA,4/25/22,NA,NA,NA,NA,NA,NA,NA
487,25,0.1,D,1,NA,NA,1,NA,NA,4/26/22,NA,NA,NA,NA,NA,NA,NA
488,25,0.1,D,1,NA,NA,NA,1,NA,4/25/22,NA,NA,NA,NA,NA,NA,NA
489,25,0.1,D,1,NA,NA,NA,1,NA,4/24/22,NA,NA,NA,NA,NA,NA,NA
492,25,0.1,D,1,NA,NA,NA,1,NA,4/19/22,NA,NA,NA,NA,NA,NA,NA
499,25,0.1,D,1,NA,NA,1,NA,NA,4/26/22,NA,NA,NA,NA,NA,NA,NA
502,25,0.1,D,1,NA,NA,NA,NA,4/24/22,NA,NA,NA,NA,1,67,1,NA
506,25,0.1,D,1,NA,NA,NA,NA,4/24/22,NA,NA,NA,NA,1,15,1,NA
507,25,0.1,D,1,NA,NA,NA,1,NA,4/11/22,NA,NA,NA,NA,NA,NA,NA
510,25,0.1,D,1,NA,NA,NA,1,NA,4/10/22,NA,NA,NA,NA,NA,NA,NA
511,25,0.5,D,0,NA,NA,NA,1,NA,4/10/22,NA,NA,NA,NA,NA,NA,NA
513,25,0.5,D,0,NA,NA,NA,NA,5/22/22,NA,NA,NA,NA,0,NA,NA,NA
517,25,0.5,D,0,NA,NA,NA,NA,5/22/22,NA,NA,NA,NA,0,NA,NA,NA
522,25,0.5,D,0,NA,NA,1,NA,NA,4/18/22,NA,NA,NA,0,0,0,NA
525,25,0.5,D,0,NA,NA,NA,NA,5/23/22,NA,NA,NA,NA,0,NA,NA,NA
527,25,0.5,D,1,NA,NA,NA,NA,4/22/22,NA,NA,NA,NA,1,137,1,NA
533,25,0.5,D,1,NA,NA,NA,NA,4/22/22,NA,NA,NA,NA,1,185,1,NA
548,25,0.5,D,1,NA,NA,NA,NA,4/21/22,NA,NA,NA,NA,1,21,1,NA
558,25,1,D,0,NA,NA,NA,NA,5/21/22,NA,NA,NA,NA,0,NA,NA,NA
560,25,1,D,0,NA,NA,NA,NA,5/21/22,NA,NA,NA,NA,0,NA,NA,NA
562,25,1,D,0,NA,NA,NA,NA,5/19/22,NA,NA,NA,NA,0,NA,NA,NA
564,25,1,D,0,NA,NA,NA,NA,5/23/22,NA,NA,NA,NA,0,NA,NA,NA
569,25,1,D,0,NA,NA,NA,1,NA,4/11/22,NA,NA,NA,NA,NA,NA,NA
570,25,1,D,0,NA,NA,NA,NA,5/23/22,NA,NA,NA,NA,0,NA,NA,NA
591,25,1,D,1,NA,NA,NA,NA,4/22/22,NA,NA,NA,NA,1,182,1,NA
601,15,1,C,0,NA,1,NA,NA,NA,5/17/22,NA,NA,NA,0,NA,NA,NA
602,15,1,C,0,NA,1,NA,NA,NA,5/17/22,NA,NA,NA,0,NA,NA,NA
603,15,1,C,0,NA,1,NA,NA,NA,5/17/22,NA,NA,NA,0,NA,NA,NA
605,15,1,C,0,NA,1,NA,NA,NA,5/17/22,NA,NA,NA,0,NA,NA,NA
606,15,1,C,0,NA,1,NA,NA,NA,5/17/22,NA,NA,NA,0,NA,NA,NA
607,15,1,C,0,NA,1,NA,NA,NA,5/17/22,NA,NA,NA,0,NA,NA,NA
608,15,1,C,0,NA,1,NA,NA,NA,5/17/22,NA,NA,NA,0,NA,NA,NA
609,15,1,C,0,NA,1,NA,NA,NA,5/17/22,NA,NA,NA,0,NA,NA,NA
610,15,1,C,0,NA,1,NA,NA,NA,5/17/22,NA,NA,NA,0,NA,NA,NA
611,15,1,C,0,NA,1,NA,NA,NA,5/17/22,NA,NA,NA,0,NA,NA,NA
612,15,1,C,0,NA,1,NA,NA,NA,5/17/22,NA,NA,NA,0,NA,NA,NA
613,15,1,C,0,NA,1,NA,NA,NA,5/17/22,NA,NA,NA,0,NA,NA,NA
614,15,1,C,0,NA,1,NA,NA,NA,5/17/22,NA,NA,NA,0,NA,NA,NA
615,15,1,C,0,NA,1,NA,NA,NA,5/17/22,NA,NA,NA,0,NA,NA,NA
616,15,1,C,0,NA,1,NA,NA,NA,5/17/22,NA,NA,NA,0,NA,NA,NA
617,15,1,C,1,NA,1,NA,NA,NA,5/17/22,NA,NA,NA,0,NA,NA,NA
618,15,1,C,1,NA,1,NA,NA,NA,5/17/22,NA,NA,NA,0,NA,NA,NA
619,15,1,C,1,NA,1,NA,NA,NA,5/17/22,NA,NA,NA,0,NA,NA,NA
620,15,1,C,1,NA,1,NA,NA,NA,5/17/22,NA,NA,NA,0,NA,NA,NA
621,15,1,C,1,NA,NA,NA,NA,5/3/22,NA,NA,NA,NA,1,35,0,NA
622,15,1,C,1,NA,1,NA,NA,NA,5/17/22,NA,NA,NA,0,NA,NA,NA
623,15,1,C,1,NA,1,NA,NA,NA,5/17/22,NA,NA,NA,0,NA,NA,NA
624,15,1,C,1,NA,1,NA,NA,NA,5/17/22,NA,NA,NA,0,NA,NA,NA
626,15,1,C,1,NA,NA,NA,NA,5/3/22,NA,NA,NA,NA,1,52,0,NA
627,15,1,C,1,NA,1,NA,NA,NA,5/17/22,NA,NA,NA,0,NA,NA,NA
628,15,1,C,1,NA,1,NA,NA,NA,5/17/22,NA,NA,NA,0,NA,NA,NA
630,15,1,C,1,NA,1,NA,NA,NA,5/17/22,NA,NA,NA,0,NA,NA,NA
631,15,1,C,1,NA,NA,NA,NA,5/5/22,NA,NA,NA,NA,1,51,0,NA
633,15,1,C,1,NA,1,NA,NA,NA,5/17/22,NA,NA,NA,0,NA,NA,NA
634,15,1,C,1,NA,NA,NA,1,NA,4/14/22,NA,NA,NA,NA,NA,NA,NA
635,15,1,C,1,NA,1,NA,NA,NA,5/17/22,NA,NA,NA,0,NA,NA,NA
636,15,1,C,1,NA,1,NA,NA,NA,5/17/22,NA,NA,NA,0,NA,NA,NA
638,15,1,C,1,NA,NA,NA,NA,5/4/22,NA,NA,NA,NA,1,40,0,NA
639,15,1,C,1,NA,NA,NA,1,NA,4/19/22,NA,NA,NA,NA,NA,NA,NA
640,15,1,C,1,NA,1,NA,NA,NA,5/17/22,NA,NA,NA,0,NA,NA,NA
641,15,1,C,1,NA,1,NA,NA,NA,5/17/22,NA,NA,NA,0,NA,NA,NA
644,15,1,C,1,NA,1,NA,NA,NA,5/17/22,NA,NA,NA,0,NA,NA,NA
645,15,1,C,1,NA,1,NA,NA,NA,5/17/22,NA,NA,NA,0,NA,NA,NA
646,15,1,C,1,NA,NA,NA,NA,5/4/22,NA,NA,NA,NA,1,22,0,NA
647,15,1,C,1,NA,1,NA,NA,NA,5/17/22,NA,NA,NA,0,NA,NA,NA
648,15,1,C,1,NA,1,NA,NA,NA,5/17/22,NA,NA,NA,0,NA,NA,NA
649,15,1,C,1,NA,1,NA,NA,NA,5/17/22,NA,NA,NA,0,NA,NA,NA
650,15,1,C,1,NA,1,NA,NA,NA,5/17/22,NA,NA,NA,0,NA,NA,NA
651,20,1,C,0,NA,1,NA,NA,NA,5/17/22,NA,NA,NA,0,NA,NA,NA
652,20,1,C,0,NA,1,NA,NA,NA,5/17/22,NA,NA,NA,0,NA,NA,NA
653,20,1,C,0,NA,1,NA,NA,NA,5/17/22,NA,NA,NA,0,NA,NA,NA
654,20,1,C,0,NA,1,NA,NA,NA,5/17/22,NA,NA,NA,0,NA,NA,NA
655,20,1,C,0,NA,1,NA,NA,NA,5/17/22,NA,NA,NA,0,NA,NA,NA
656,20,1,C,0,NA,1,NA,NA,NA,5/17/22,NA,NA,NA,0,NA,NA,NA
657,20,1,C,0,NA,1,NA,NA,NA,5/17/22,NA,NA,NA,0,NA,NA,NA
658,20,1,C,0,NA,1,NA,NA,NA,5/17/22,NA,NA,NA,0,NA,NA,NA
659,20,1,C,0,NA,1,NA,NA,NA,5/17/22,NA,NA,NA,0,NA,NA,NA
660,20,1,C,0,NA,1,NA,NA,NA,5/17/22,NA,NA,NA,0,NA,NA,NA
662,20,1,C,0,NA,1,NA,NA,NA,5/17/22,NA,NA,NA,0,NA,NA,NA
663,20,1,C,0,NA,1,NA,NA,NA,5/17/22,NA,NA,NA,0,NA,NA,NA
664,20,1,C,0,NA,1,NA,NA,NA,5/17/22,NA,NA,NA,0,NA,NA,NA
665,20,1,C,0,NA,1,NA,NA,NA,5/17/22,NA,NA,NA,0,NA,NA,NA
666,20,1,C,0,NA,NA,NA,NA,4/22/22,NA,NA,NA,NA,0,0,0,NA
667,20,1,C,1,NA,NA,NA,NA,NA,4/11/22,NA,NA,NA,NA,NA,NA,NA
675,20,1,C,1,NA,1,NA,NA,NA,5/17/22,NA,NA,NA,0,NA,NA,NA
678,20,1,C,1,NA,NA,NA,1,NA,5/15/22,NA,NA,NA,NA,NA,NA,NA
680,20,1,C,1,NA,NA,NA,NA,4/23/22,NA,NA,NA,NA,1,33,1,NA
681,20,1,C,1,NA,1,NA,NA,NA,5/17/22,NA,NA,NA,0,NA,NA,NA
682,20,1,C,1,NA,1,NA,NA,NA,5/17/22,NA,NA,NA,0,NA,NA,NA
684,20,1,C,1,NA,1,NA,NA,NA,5/17/22,NA,NA,NA,0,NA,NA,NA
686,20,1,C,1,NA,NA,NA,NA,4/24/22,NA,NA,NA,NA,1,44,0,NA
687,20,1,C,1,NA,1,NA,NA,NA,5/17/22,NA,NA,NA,0,NA,NA,NA
688,20,1,C,1,NA,1,NA,NA,NA,5/17/22,NA,NA,NA,0,NA,NA,NA
691,20,1,C,1,NA,NA,NA,1,NA,4/21/22,NA,NA,NA,NA,NA,NA,NA
695,20,1,C,1,NA,1,NA,NA,NA,5/17/22,NA,NA,NA,0,NA,NA,NA
696,20,1,C,1,NA,NA,NA,1,NA,4/21/22,NA,NA,NA,NA,NA,NA,NA
697,20,1,C,1,NA,1,NA,NA,NA,5/17/22,NA,NA,NA,0,NA,NA,NA
698,20,1,C,1,NA,1,NA,NA,NA,5/17/22,NA,NA,NA,0,NA,NA,NA
699,20,1,C,1,NA,NA,NA,1,NA,4/28/22,NA,NA,NA,NA,NA,NA,NA
700,20,1,C,1,NA,1,NA,NA,NA,5/17/22,NA,NA,NA,0,NA,NA,NA
702,25,1,C,0,NA,1,NA,NA,NA,5/17/22,NA,NA,NA,0,NA,NA,NA
703,25,1,C,0,NA,NA,NA,NA,5/10/22,NA,NA,NA,NA,0,NA,NA,NA
705,25,1,C,0,NA,NA,NA,1,NA,4/22/22,NA,NA,NA,NA,NA,NA,NA
709,25,1,C,0,NA,NA,NA,NA,5/10/22,NA,NA,NA,NA,0,NA,NA,NA
710,25,1,C,0,NA,NA,NA,1,NA,5/3/22,NA,NA,NA,NA,NA,NA,NA
711,25,1,C,0,NA,1,NA,NA,NA,5/17/22,NA,NA,NA,0,NA,NA,NA
712,25,1,C,0,NA,NA,NA,NA,4/29/22,NA,NA,NA,NA,NA,NA,NA,NA
713,25,1,C,0,NA,NA,NA,1,4/17/22,NA,NA,NA,NA,NA,NA,NA,NA
715,25,1,C,0,NA,NA,NA,NA,5/10/22,NA,NA,NA,NA,0,NA,NA,NA
716,25,1,C,1,NA,NA,NA,NA,4/20/22,NA,NA,NA,NA,1,11,0,NA
718,25,1,C,1,NA,1,NA,NA,NA,5/17/22,NA,NA,NA,0,NA,NA,NA
719,25,1,C,1,NA,NA,NA,NA,4/19/22,NA,NA,NA,NA,1,13,0,NA
721,25,1,C,1,NA,NA,NA,NA,5/9/22,NA,NA,NA,NA,0,NA,NA,NA
727,25,1,C,1,NA,NA,NA,NA,4/19/22,NA,NA,NA,NA,1,48,0,NA
729,25,1,C,1,NA,NA,NA,NA,4/20/22,NA,NA,NA,NA,1,4,0,NA
730,25,1,C,1,NA,NA,NA,NA,4/18/22,NA,NA,NA,NA,1,45,0,NA
731,25,1,C,1,NA,1,NA,NA,NA,5/17/22,NA,NA,NA,0,NA,NA,NA
734,25,1,C,1,NA,NA,NA,1,NA,4/21/22,NA,NA,NA,NA,NA,NA,NA
737,25,1,C,1,NA,NA,NA,NA,4/29/22,NA,NA,NA,NA,0,NA,NA,NA
738,25,1,C,1,NA,NA,NA,1,NA,4/10/22,NA,NA,NA,NA,NA,NA,NA
741,25,1,C,1,NA,NA,NA,NA,4/19/22,NA,NA,NA,NA,1,28,0,NA
742,25,1,C,1,NA,NA,NA,NA,4/19/22,NA,NA,NA,NA,1,NA,NA,NA
744,25,1,C,1,NA,NA,NA,NA,4/18/22,NA,NA,NA,NA,1,39,0,NA
746,25,1,C,1,NA,1,NA,NA,NA,5/17/22,NA,NA,NA,0,NA,NA,NA
747,25,1,C,1,NA,NA,NA,1,NA,4/10/22,NA,NA,NA,NA,NA,NA,NA
748,25,1,C,1,NA,NA,NA,NA,4/19/22,NA,NA,NA,NA,1,NA,NA,NA
749,25,1,C,1,NA,NA,NA,NA,4/24/22,NA,NA,NA,NA,1,48,0,NA
NA,NA,NA,NA,NA,NA,NA,NA,NA,NA,NA,NA,NA,NA,NA,NA,NA,NA
NA,NA,NA,NA,NA,NA,NA,NA,NA,NA,NA,NA,NA,NA,NA,NA,NA,NA
NA,NA,NA,NA,NA,NA,NA,NA,NA,NA,NA,NA,NA,NA,NA,NA,NA,NA
NA,NA,NA,NA,NA,NA,NA,NA,NA,NA,NA,NA,NA,NA,NA,NA,NA,NA
NA,NA,NA,NA,NA,NA,NA,NA,NA,NA,NA,NA,NA,NA,NA,NA,NA,NA
NA,NA,NA,NA,NA,NA,NA,NA,NA,NA,NA,NA,NA,NA,NA,NA,NA,NA